1,2022-11-22,2,2,23~44,17,50,34~67,Good
2,2022-11-22,2,1,23~44,10,43,0~33,Very Good
3,2022-11-22,5,3,45~65,20,49.07818,34~67,Good
4,2022-11-22,0,1,1~22,12,21,0~33,Very Good
5,2022-11-22,0,3,23~44,8,50,34~67,Good
6,2022-11-22,10,3,23~44,42,29,34~67,Good
7,2022-11-22,20,7,23~44,33,42,68~101,Good
8,2022-11-22,5,6,23~44,27,40,68~101,Good
9,2022-11-22,10,12,45~65,57,49.07818,68~101,Fair
10,2022-11-22,2,15,1~22,58,49.07818,34~67,Good
11,2022-11-22,5,6,66~87,45,48,102~135,Poor
12,2022-11-22,50,15,23~44,56,49.07818,34~67,Good
13,2022-11-22,5,12,23~44,63,49.07818,34~67,Good
14,2022-11-22,2,3,1~22,30,21,0~33,Very Good
15,2022-11-22,2,3,1~22,23,31,0~33,Very Good
16,2022-11-22,2,2,1~22,13,46,34~67,Very Good
17,2022-11-22,0,2,1~22,22,27,0~33,Very Good
18,2022-11-22,0,3,1~22,20,22,0~33,Very Good
19,2022-11-22,2,1,1~22,2,31,0~33,Very Good
20,2022-11-22,28,7,45~65,37,132,102~135,Poor
21,2022-11-22,5,6,45~65,42,77,68~101,Fair
22,2022-11-22,10,7,45~65,62,44,68~101,Fair
23,2022-11-22,10,8,45~65,56,49.07818,68~101,Fair
24,2022-11-22,10,7,66~87,48,43,68~101,Fair
25,2022-11-22,12,6,23~44,55,49,68~101,Fair
26,2022-11-22,5,6,66~87,48,49,68~101,Fair
27,2022-11-22,15,5,45~65,40,58,68~101,Good
28,2022-11-22,20,6,45~65,53,50,68~101,Fair
29,2022-11-22,8,9,45~65,56,49.07818,102~135,Fair
30,2022-11-22,12,6,45~65,52,47,102~135,Fair
31,2022-11-22,8,6,66~87,48,44,102~135,Fair
32,2022-11-22,5,3,23~44,17,44,68~101,Good
33,2022-11-22,5,10,45~65,51,41,68~101,Fair
34,2022-11-22,5,6,66~87,32,46,68~101,Fair
35,2022-11-22,5,5,45~65,27,44,68~101,Fair
36,2022-11-22,2,6,66~87,30,49,68~101,Fair
37,2022-11-22,18,7,66~87,38,46,102~135,Fair
38,2022-11-22,10,3,45~65,35,49.07818,34~67,Good
39,2022-11-22,5,5,66~87,23,45,68~101,Fair
40,2022-11-22,5,6,66~87,25,45,68~101,Fair
41,2022-11-22,5,6,66~87,32,40,102~135,Fair
42,2022-11-22,5,5,66~87,32,46,102~135,Poor
43,2022-11-22,2,6,66~87,51,44,102~135,Poor
44,2022-11-22,8,6,66~87,30,41,68~101,Fair
45,2022-11-22,12,6,45~65,37,49.07818,68~101,Good
46,2022-11-22,15,6,66~87,45,32,68~101,Fair
47,2022-11-22,5,7,66~87,51,38,102~135,Fair
48,2022-11-22,5,7,45~65,47,37,68~101,Fair
49,2022-11-22,5,7,66~87,51,41,68~101,Fair
50,2022-11-22,8,6,45~65,45,38,68~101,Good
51,2022-11-22,2,6,45~65,38,27,68~101,Fair
52,2022-11-22,5,3,23~44,30,40,68~101,Good
53,2022-11-22,5,5,45~65,28,40,68~101,Good
54,2022-11-22,8,5,23~44,40,49.07818,34~67,Good
55,2022-11-22,10,5,23~44,42,31,34~67,Good
56,2022-11-22,2,3,23~44,30,38,34~67,Good
57,2022-11-22,5,3,23~44,35,36,34~67,Very Good
58,2022-11-22,15,5,23~44,40,37,34~67,Very Good
59,2022-11-22,74,3,23~44,42,34,34~67,Good
60,2022-11-22,2,2,1~22,25,36,0~33,Very Good
61,2022-11-22,5,3,23~44,48,33,0~33,Very Good
62,2022-11-22,15,5,23~44,35,38,34~67,Very Good
63,2022-11-22,5,11,23~44,53,49.07818,34~67,Good
64,2022-11-22,2,6,23~44,52,31,0~33,Good
65,2022-11-22,2,7,23~44,58,37,34~67,Good
66,2022-11-22,2,8,1~22,55,32,34~67,Good
67,2022-11-22,5,8,23~44,57,27,34~67,Good
68,2022-11-22,8,3,1~22,40,34,0~33,Very Good
69,2022-11-22,2,2,1~22,23,34,0~33,Very Good
70,2022-11-22,5,3,1~22,37,37,0~33,Very Good
71,2022-11-22,5,5,1~22,50,35,34~67,Good
72,2022-11-22,2,3,23~44,42,38,34~67,Very Good
73,2022-11-22,5,7,23~44,48,40,34~67,Very Good
74,2022-11-22,8,7,23~44,48,44,34~67,Very Good
75,2022-11-22,2,6,1~22,45,44,0~33,Very Good
76,2022-11-22,2,3,23~44,30,34,0~33,Very Good
77,2022-11-22,5,6,1~22,55,37,34~67,Good
78,2022-11-22,8,5,1~22,48,30,0~33,Very Good
79,2022-11-21,2,2,23~44,17,61,34~67,Good
80,2022-11-21,0,2,23~44,5,50,0~33,Good
81,2022-11-21,2,3,23~44,13,49.07818,34~67,Good
82,2022-11-21,0,1,1~22,8,30,0~33,Very Good
83,2022-11-21,0,2,23~44,7,64,34~67,Good
84,2022-11-21,18,3,23~44,45,74,34~67,Good
85,2022-11-21,2,3,23~44,10,77,34~67,Good
86,2022-11-21,5,5,23~44,17,80,68~101,Good
87,2022-11-21,5,7,23~44,33,49.07818,34~67,Good
88,2022-11-21,0,6,1~22,40,49.07818,0~33,Very Good
89,2022-11-21,2,5,45~65,27,84,68~101,Fair
90,2022-11-21,2,12,1~22,54,49.07818,0~33,Good
91,2022-11-21,2,10,1~22,52,49.07818,0~33,Good
92,2022-11-21,5,5,1~22,47,21,0~33,Very Good
93,2022-11-21,2,3,1~22,27,31,0~33,Very Good
94,2022-11-21,5,2,1~22,3,41,34~67,Very Good
95,2022-11-21,0,3,1~22,23,32,0~33,Very Good
96,2022-11-21,0,2,1~22,12,30,0~33,Very Good
97,2022-11-21,0,1,1~22,0,33,0~33,Very Good
98,2022-11-21,5,3,45~65,20,64,68~101,Good
99,2022-11-21,8,5,45~65,28,58,68~101,Good
100,2022-11-21,8,5,23~44,50,35,68~101,Good
101,2022-11-21,5,6,23~44,37,49.07818,68~101,Good
102,2022-11-21,5,5,45~65,33,50,68~101,Good
103,2022-11-21,5,3,23~44,33,49,68~101,Good
104,2022-11-21,5,5,45~65,35,48,34~67,Good
105,2022-11-21,8,3,45~65,38,45,34~67,Good
106,2022-11-21,20,6,45~65,45,43,68~101,Good
107,2022-11-21,10,9,45~65,48,49.07818,68~101,Good
108,2022-11-21,8,5,23~44,37,43,68~101,Good
109,2022-11-21,5,5,45~65,35,46,68~101,Good
110,2022-11-21,2,3,23~44,18,50,68~101,Good
111,2022-11-21,2,9,23~44,40,47,34~67,Good
112,2022-11-21,2,5,45~65,25,51,34~67,Good
113,2022-11-21,2,3,23~44,27,48,34~67,Good
114,2022-11-21,5,5,45~65,25,64,34~67,Good
115,2022-11-21,8,5,45~65,25,67,68~101,Good
116,2022-11-21,8,3,23~44,17,49.07818,34~67,Good
117,2022-11-21,8,3,45~65,22,54,34~67,Good
118,2022-11-21,5,3,45~65,23,64,68~101,Good
119,2022-11-21,5,3,45~65,12,47,68~101,Good
120,2022-11-21,5,5,66~87,22,77,68~101,Fair
121,2022-11-21,12,7,45~65,52,77,68~101,Fair
122,2022-11-21,12,3,45~65,18,51,34~67,Good
123,2022-11-21,18,5,45~65,32,49.07818,34~67,Good
124,2022-11-21,18,6,45~65,51,39,68~101,Good
125,2022-11-21,2,5,45~65,55,64,68~101,Good
126,2022-11-21,2,7,45~65,56,67,34~67,Good
127,2022-11-21,8,6,45~65,53,61,68~101,Good
128,2022-11-21,2,5,23~44,52,50,34~67,Good
129,2022-11-21,5,5,23~44,30,42,34~67,Good
130,2022-11-21,2,3,23~44,18,54,34~67,Good
131,2022-11-21,2,5,23~44,35,42,34~67,Very Good
132,2022-11-21,5,5,1~22,47,49.07818,0~33,Very Good
133,2022-11-21,2,3,1~22,32,39,0~33,Very Good
134,2022-11-21,2,3,1~22,22,39,0~33,Very Good
135,2022-11-21,2,3,1~22,25,38,0~33,Very Good
136,2022-11-21,2,3,1~22,28,34,0~33,Very Good
137,2022-11-21,2,5,1~22,28,36,0~33,Very Good
138,2022-11-21,15,2,23~44,28,38,34~67,Very Good
139,2022-11-21,20,3,23~44,43,33,0~33,Very Good
140,2022-11-21,2,3,1~22,23,33,0~33,Very Good
141,2022-11-21,2,6,23~44,47,49.07818,34~67,Very Good
142,2022-11-21,2,3,23~44,40,31,0~33,Very Good
143,2022-11-21,2,3,1~22,30,31,0~33,Very Good
144,2022-11-21,2,5,1~22,35,31,0~33,Very Good
145,2022-11-21,0,6,1~22,42,30,0~33,Very Good
146,2022-11-21,0,2,1~22,12,38,0~33,Very Good
147,2022-11-21,2,2,1~22,10,37,0~33,Very Good
148,2022-11-21,2,3,1~22,30,36,0~33,Very Good
149,2022-11-21,2,3,1~22,20,34,0~33,Very Good
150,2022-11-21,0,3,1~22,20,34,0~33,Very Good
151,2022-11-21,2,5,1~22,32,31,0~33,Very Good
152,2022-11-21,2,5,1~22,30,33,0~33,Very Good
153,2022-11-21,5,3,1~22,18,32,0~33,Very Good
154,2022-11-21,2,2,23~44,10,43,34~67,Very Good
155,2022-11-21,5,3,1~22,35,32,0~33,Very Good
156,2022-11-21,0,3,1~22,27,36,0~33,Very Good
157,2022-11-20,5,1,23~44,13,45,0~33,Very Good
158,2022-11-20,2,0,23~44,7,47,0~33,Very Good
159,2022-11-20,5,2,23~44,20,49.07818,34~67,Very Good
160,2022-11-20,0,1,1~22,3,30,0~33,Very Good
161,2022-11-20,0,1,23~44,5,46,0~33,Very Good
162,2022-11-20,8,5,23~44,40,64,34~67,Good
163,2022-11-20,2,3,1~22,15,36,34~67,Very Good
164,2022-11-20,5,5,23~44,22,54,34~67,Good
165,2022-11-20,5,7,45~65,42,49.07818,68~101,Fair
166,2022-11-20,2,5,1~22,52,49.07818,0~33,Good
167,2022-11-20,2,3,23~44,23,64,68~101,Good
168,2022-11-20,2,8,1~22,42,49.07818,0~33,Very Good
169,2022-11-20,2,10,1~22,52,49.07818,0~33,Good
170,2022-11-20,0,2,1~22,13,32,0~33,Very Good
171,2022-11-20,2,2,1~22,17,31,0~33,Very Good
172,2022-11-20,2,1,1~22,0,41,0~33,Very Good
173,2022-11-20,0,2,1~22,20,32,0~33,Very Good
174,2022-11-20,0,1,1~22,7,31,0~33,Very Good
175,2022-11-20,0,1,1~22,0,27,0~33,Very Good
176,2022-11-20,8,5,45~65,17,143,102~135,Poor
177,2022-11-20,8,5,45~65,25,97,68~101,Fair
178,2022-11-20,10,6,45~65,38,77,102~135,Fair
179,2022-11-20,8,6,45~65,47,49.07818,68~101,Fair
180,2022-11-20,5,6,45~65,30,80,102~135,Fair
181,2022-11-20,5,6,45~65,35,71,68~101,Fair
182,2022-11-20,2,5,45~65,28,74,68~101,Fair
183,2022-11-20,5,5,45~65,35,101,68~101,Fair
184,2022-11-20,10,5,45~65,33,100,102~135,Fair
185,2022-11-20,8,7,45~65,37,49.07818,102~135,Fair
186,2022-11-20,5,5,45~65,32,80,102~135,Fair
187,2022-11-20,2,5,45~65,28,36,68~101,Fair
188,2022-11-20,5,3,23~44,13,51,68~101,Good
189,2022-11-20,2,6,45~65,35,50,68~101,Fair
190,2022-11-20,2,5,45~65,22,51,68~101,Good
191,2022-11-20,5,3,45~65,22,54,68~101,Good
192,2022-11-20,5,3,45~65,22,58,34~67,Good
193,2022-11-20,8,5,45~65,27,50,68~101,Good
194,2022-11-20,8,2,23~44,20,49.07818,34~67,Very Good
195,2022-11-20,2,5,45~65,17,45,34~67,Good
196,2022-11-20,5,3,45~65,18,48,34~67,Good
197,2022-11-20,8,2,45~65,18,43,34~67,Good
198,2022-11-20,5,5,45~65,25,58,68~101,Good
199,2022-11-20,0,5,23~44,35,54,34~67,Good
200,2022-11-20,10,5,45~65,20,44,34~67,Very Good
201,2022-11-20,12,3,23~44,30,49.07818,34~67,Very Good
202,2022-11-20,2,3,23~44,27,43,34~67,Good
203,2022-11-20,2,3,23~44,45,44,34~67,Good
204,2022-11-20,2,5,23~44,45,44,34~67,Very Good
205,2022-11-20,2,5,23~44,40,44,34~67,Very Good
206,2022-11-20,2,3,23~44,38,43,34~67,Very Good
207,2022-11-20,8,3,23~44,30,30,34~67,Very Good
208,2022-11-20,2,2,1~22,15,42,34~67,Very Good
209,2022-11-20,8,3,23~44,30,38,34~67,Very Good
210,2022-11-20,5,3,23~44,28,49.07818,0~33,Very Good
211,2022-11-20,5,2,1~22,32,35,0~33,Very Good
212,2022-11-20,2,2,1~22,12,35,34~67,Very Good
213,2022-11-20,2,2,1~22,20,37,0~33,Very Good
214,2022-11-20,2,2,1~22,22,34,0~33,Very Good
215,2022-11-20,2,2,1~22,35,34,0~33,Very Good
216,2022-11-20,15,1,1~22,18,39,0~33,Very Good
217,2022-11-20,10,1,1~22,33,37,0~33,Very Good
218,2022-11-20,10,3,1~22,20,33,0~33,Very Good
219,2022-11-20,5,6,23~44,47,49.07818,0~33,Very Good
220,2022-11-20,5,2,23~44,28,31,0~33,Very Good
221,2022-11-20,2,2,1~22,17,33,0~33,Very Good
222,2022-11-20,2,2,1~22,30,31,0~33,Very Good
223,2022-11-20,5,3,1~22,28,29,0~33,Very Good
224,2022-11-20,2,2,1~22,18,37,0~33,Very Good
225,2022-11-20,2,3,1~22,20,34,0~33,Very Good
226,2022-11-20,0,1,1~22,15,35,0~33,Very Good
227,2022-11-20,2,3,1~22,23,35,0~33,Very Good
228,2022-11-20,2,2,1~22,18,34,0~33,Very Good
229,2022-11-20,2,3,1~22,30,30,0~33,Very Good
230,2022-11-20,2,2,1~22,17,34,0~33,Very Good
231,2022-11-20,0,2,1~22,17,34,0~33,Very Good
232,2022-11-20,0,2,23~44,18,37,0~33,Very Good
233,2022-11-20,5,2,1~22,33,35,0~33,Very Good
234,2022-11-20,2,3,1~22,32,36,0~33,Very Good
235,2022-11-19,5,3,23~44,23,50,34~67,Good
236,2022-11-19,0,1,23~44,8,47,0~33,Very Good
237,2022-11-19,5,3,45~65,22,49.07818,34~67,Good
238,2022-11-19,2,1,1~22,7,23,0~33,Very Good
239,2022-11-19,0,1,23~44,7,50,0~33,Good
240,2022-11-19,20,3,23~44,52,64,34~67,Good
241,2022-11-19,12,2,23~44,15,44,34~67,Very Good
242,2022-11-19,5,5,23~44,22,90,34~67,Fair
243,2022-11-19,32,10,66~87,56,49.07818,102~135,Fair
244,2022-11-19,2,5,1~22,27,49.07818,0~33,Very Good
245,2022-11-19,2,3,45~65,25,80,68~101,Good
246,2022-11-19,2,8,23~44,55,49.07818,34~67,Good
247,2022-11-19,0,10,1~22,53,49.07818,0~33,Good
248,2022-11-19,2,2,1~22,17,35,0~33,Very Good
249,2022-11-19,2,2,1~22,12,37,0~33,Very Good
250,2022-11-19,2,1,1~22,2,39,0~33,Very Good
251,2022-11-19,2,2,1~22,12,36,0~33,Very Good
252,2022-11-19,0,2,1~22,13,31,0~33,Very Good
253,2022-11-19,0,1,1~22,2,31,0~33,Very Good
254,2022-11-19,15,5,45~65,20,151,68~101,Poor
255,2022-11-19,8,6,45~65,45,150,102~135,Poor
256,2022-11-19,25,7,66~87,72,61,102~135,Fair
257,2022-11-19,22,8,66~87,58,49.07818,102~135,Fair
258,2022-11-19,20,8,66~87,47,101,102~135,Poor
259,2022-11-19,8,6,66~87,38,100,102~135,Fair
260,2022-11-19,12,6,45~65,35,108,68~101,Fair
261,2022-11-19,20,6,66~87,45,108,68~101,Fair
262,2022-11-19,45,8,45~65,63,93,102~135,Fair
263,2022-11-19,20,9,45~65,47,49.07818,102~135,Fair
264,2022-11-19,20,6,45~65,45,93,102~135,Fair
265,2022-11-19,12,5,66~87,25,97,102~135,Fair
266,2022-11-19,5,3,23~44,15,93,68~101,Fair
267,2022-11-19,5,8,45~65,42,74,102~135,Fair
268,2022-11-19,2,5,45~65,20,74,102~135,Fair
269,2022-11-19,5,3,45~65,22,84,68~101,Fair
270,2022-11-19,2,5,45~65,22,84,68~101,Fair
271,2022-11-19,15,5,66~87,30,71,68~101,Fair
272,2022-11-19,5,3,23~44,18,49.07818,34~67,Good
273,2022-11-19,5,3,45~65,18,50,68~101,Fair
274,2022-11-19,8,3,66~87,18,49,68~101,Fair
275,2022-11-19,5,5,45~65,27,43,68~101,Good
276,2022-11-19,8,5,66~87,27,67,68~101,Fair
277,2022-11-19,2,5,45~65,30,80,68~101,Good
278,2022-11-19,10,3,45~65,20,43,34~67,Good
279,2022-11-19,12,3,23~44,33,49.07818,34~67,Very Good
280,2022-11-19,5,5,23~44,38,43,34~67,Good
281,2022-11-19,2,3,23~44,38,44,34~67,Good
282,2022-11-19,0,5,23~44,48,44,34~67,Good
283,2022-11-19,2,6,45~65,38,47,34~67,Good
284,2022-11-19,2,3,23~44,25,44,34~67,Very Good
285,2022-11-19,5,2,23~44,18,31,34~67,Very Good
286,2022-11-19,2,2,23~44,13,43,34~67,Good
287,2022-11-19,8,3,23~44,35,41,34~67,Very Good
288,2022-11-19,8,3,23~44,32,49.07818,0~33,Very Good
289,2022-11-19,2,3,23~44,33,38,0~33,Very Good
290,2022-11-19,2,2,23~44,23,40,34~67,Very Good
291,2022-11-19,5,2,1~22,20,41,0~33,Very Good
292,2022-11-19,5,3,1~22,32,38,0~33,Very Good
293,2022-11-19,2,3,23~44,38,35,34~67,Very Good
294,2022-11-19,12,1,23~44,37,43,0~33,Very Good
295,2022-11-19,10,1,23~44,40,40,0~33,Very Good
296,2022-11-19,8,5,1~22,30,35,34~67,Very Good
297,2022-11-19,5,7,23~44,48,49.07818,0~33,Very Good
298,2022-11-19,5,3,23~44,35,34,0~33,Very Good
299,2022-11-19,2,2,1~22,23,33,0~33,Very Good
300,2022-11-19,5,3,1~22,33,32,0~33,Very Good
301,2022-11-19,2,3,1~22,32,29,0~33,Very Good
302,2022-11-19,5,2,1~22,13,36,0~33,Very Good
303,2022-11-19,5,5,1~22,30,37,0~33,Very Good
304,2022-11-19,2,2,1~22,20,33,0~33,Very Good
305,2022-11-19,2,3,1~22,22,36,0~33,Very Good
306,2022-11-19,2,2,1~22,18,35,0~33,Very Good
307,2022-11-19,2,5,1~22,38,33,0~33,Very Good
308,2022-11-19,5,3,1~22,25,36,0~33,Very Good
309,2022-11-19,2,2,1~22,18,35,0~33,Very Good
310,2022-11-19,0,2,23~44,28,37,0~33,Very Good
311,2022-11-19,10,3,1~22,43,35,0~33,Very Good
312,2022-11-19,0,5,1~22,42,31,0~33,Very Good
313,2022-11-18,10,3,23~44,32,54,34~67,Good
314,2022-11-18,0,1,23~44,3,50,0~33,Good
315,2022-11-18,12,5,45~65,30,49.07818,34~67,Good
316,2022-11-18,2,1,1~22,12,18,0~33,Very Good
317,2022-11-18,0,2,1~22,5,51,0~33,Good
318,2022-11-18,5,5,23~44,30,64,34~67,Good
319,2022-11-18,0,2,1~22,10,50,34~67,Good
320,2022-11-18,2,5,23~44,30,67,34~67,Good
321,2022-11-18,10,9,45~65,55,49.07818,68~101,Fair
322,2022-11-18,2,10,1~22,37,49.07818,0~33,Very Good
323,2022-11-18,2,3,23~44,28,87,34~67,Fair
324,2022-11-18,2,9,23~44,54,49.07818,34~67,Good
325,2022-11-18,5,12,1~22,57,49.07818,0~33,Good
326,2022-11-18,2,2,1~22,27,31,0~33,Very Good
327,2022-11-18,0,2,1~22,13,37,0~33,Very Good
328,2022-11-18,2,2,1~22,2,42,0~33,Very Good
329,2022-11-18,2,2,1~22,27,36,0~33,Very Good
330,2022-11-18,0,2,1~22,17,26,0~33,Very Good
331,2022-11-18,0,1,1~22,0,31,0~33,Very Good
332,2022-11-18,8,3,23~44,25,101,68~101,Fair
333,2022-11-18,12,6,45~65,40,126,68~101,Poor
334,2022-11-18,10,6,45~65,53,93,68~101,Fair
335,2022-11-18,12,8,45~65,57,49.07818,68~101,Fair
336,2022-11-18,5,6,45~65,38,112,102~135,Fair
337,2022-11-18,5,6,45~65,50,104,68~101,Fair
338,2022-11-18,5,5,66~87,42,122,68~101,Poor
339,2022-11-18,8,5,66~87,43,143,68~101,Poor
340,2022-11-18,38,7,45~65,54,80,68~101,Fair
341,2022-11-18,8,9,45~65,52,49.07818,68~101,Fair
342,2022-11-18,22,6,45~65,52,97,68~101,Fair
343,2022-11-18,5,5,45~65,42,104,102~135,Fair
344,2022-11-18,5,5,45~65,22,100,68~101,Fair
345,2022-11-18,2,8,45~65,40,45,68~101,Fair
346,2022-11-18,5,5,45~65,23,54,68~101,Fair
347,2022-11-18,5,3,45~65,23,61,68~101,Fair
348,2022-11-18,8,5,66~87,23,61,68~101,Fair
349,2022-11-18,20,6,66~87,32,61,68~101,Fair
350,2022-11-18,10,3,23~44,27,49.07818,34~67,Good
351,2022-11-18,5,5,45~65,28,50,68~101,Good
352,2022-11-18,8,5,66~87,28,54,68~101,Fair
353,2022-11-18,8,5,66~87,35,45,68~101,Fair
354,2022-11-18,8,5,45~65,32,64,68~101,Good
355,2022-11-18,2,5,23~44,52,54,34~67,Good
356,2022-11-18,10,6,45~65,33,45,34~67,Good
357,2022-11-18,12,5,45~65,35,49.07818,34~67,Good
358,2022-11-18,2,5,45~65,35,44,34~67,Good
359,2022-11-18,2,3,23~44,32,46,34~67,Good
360,2022-11-18,2,5,23~44,38,43,34~67,Good
361,2022-11-18,2,6,45~65,52,47,34~67,Good
362,2022-11-18,2,3,23~44,30,44,34~67,Good
363,2022-11-18,2,3,23~44,27,35,34~67,Very Good
364,2022-11-18,2,3,23~44,23,44,34~67,Good
365,2022-11-18,8,3,23~44,45,40,34~67,Good
366,2022-11-18,10,3,23~44,32,49.07818,34~67,Very Good
367,2022-11-18,5,3,23~44,32,36,34~67,Very Good
368,2022-11-18,2,2,23~44,20,35,34~67,Very Good
369,2022-11-18,5,2,23~44,25,38,0~33,Very Good
370,2022-11-18,5,3,1~22,28,31,0~33,Very Good
371,2022-11-18,2,5,23~44,38,33,34~67,Very Good
372,2022-11-18,20,1,23~44,17,43,0~33,Very Good
373,2022-11-18,28,2,23~44,48,38,0~33,Very Good
374,2022-11-18,8,3,23~44,33,33,34~67,Very Good
375,2022-11-18,2,9,23~44,54,49.07818,0~33,Good
376,2022-11-18,5,3,23~44,47,30,0~33,Very Good
377,2022-11-18,2,3,1~22,40,30,0~33,Very Good
378,2022-11-18,10,5,1~22,48,30,0~33,Very Good
379,2022-11-18,2,6,1~22,45,27,0~33,Very Good
380,2022-11-18,2,3,1~22,38,37,0~33,Very Good
381,2022-11-18,0,5,1~22,33,37,0~33,Very Good
382,2022-11-18,2,2,1~22,22,33,0~33,Very Good
383,2022-11-18,2,6,1~22,48,33,0~33,Very Good
384,2022-11-18,2,5,23~44,50,34,0~33,Good
385,2022-11-18,5,5,1~22,38,31,0~33,Very Good
386,2022-11-18,5,5,1~22,33,35,0~33,Very Good
387,2022-11-18,0,3,1~22,22,32,0~33,Very Good
388,2022-11-18,0,2,23~44,17,40,0~33,Very Good
389,2022-11-18,8,3,1~22,47,29,0~33,Very Good
390,2022-11-18,2,3,1~22,35,38,0~33,Very Good
391,2022-11-17,2,2,23~44,13,61,34~67,Good
392,2022-11-17,0,2,23~44,22,50,0~33,Good
393,2022-11-17,2,2,23~44,17,49.07818,34~67,Good
394,2022-11-17,0,1,1~22,8,24,0~33,Very Good
395,2022-11-17,0,2,1~22,7,49,0~33,Very Good
396,2022-11-17,15,3,23~44,33,47,34~67,Very Good
397,2022-11-17,8,8,1~22,28,42,0~33,Very Good
398,2022-11-17,2,3,23~44,22,46,34~67,Good
399,2022-11-17,8,7,45~65,54,49.07818,68~101,Good
400,2022-11-17,2,12,23~44,61,49.07818,34~67,Good
401,2022-11-17,2,2,23~44,37,54,34~67,Good
402,2022-11-17,5,12,23~44,60,49.07818,68~101,Good
403,2022-11-17,5,14,23~44,59,49.07818,34~67,Good
404,2022-11-17,5,3,1~22,22,36,0~33,Very Good
405,2022-11-17,5,3,1~22,17,36,0~33,Very Good
406,2022-11-17,5,2,1~22,8,38,0~33,Very Good
407,2022-11-17,8,3,1~22,18,27,0~33,Very Good
408,2022-11-17,2,2,1~22,20,29,0~33,Very Good
409,2022-11-17,0,1,1~22,0,30,0~33,Very Good
410,2022-11-17,12,3,45~65,18,67,68~101,Good
411,2022-11-17,8,6,45~65,47,67,68~101,Good
412,2022-11-17,10,5,45~65,56,51,68~101,Good
413,2022-11-17,10,5,45~65,56,49.07818,68~101,Good
414,2022-11-17,2,5,45~65,43,74,68~101,Good
415,2022-11-17,2,5,45~65,25,64,68~101,Good
416,2022-11-17,2,7,45~65,57,64,68~101,Good
417,2022-11-17,10,5,45~65,38,71,68~101,Good
418,2022-11-17,45,6,45~65,58,87,68~101,Fair
419,2022-11-17,8,9,45~65,57,49.07818,68~101,Fair
420,2022-11-17,12,5,23~44,48,64,68~101,Good
421,2022-11-17,2,6,45~65,52,58,68~101,Good
422,2022-11-17,2,3,23~44,27,54,68~101,Good
423,2022-11-17,2,8,23~44,40,49,68~101,Good
424,2022-11-17,2,3,45~65,20,51,68~101,Good
425,2022-11-17,5,3,23~44,23,58,68~101,Good
426,2022-11-17,5,3,45~65,22,51,34~67,Good
427,2022-11-17,15,6,45~65,43,64,68~101,Good
428,2022-11-17,8,2,23~44,25,49.07818,34~67,Very Good
429,2022-11-17,2,2,23~44,17,46,34~67,Good
430,2022-11-17,2,3,45~65,18,34,68~101,Good
431,2022-11-17,2,2,45~65,20,44,68~101,Good
432,2022-11-17,8,6,45~65,42,64,68~101,Good
433,2022-11-17,2,5,23~44,43,49,68~101,Good
434,2022-11-17,10,3,45~65,25,44,68~101,Good
435,2022-11-17,12,3,45~65,37,49.07818,34~67,Good
436,2022-11-17,8,5,45~65,45,36,68~101,Good
437,2022-11-17,2,5,45~65,47,39,68~101,Good
438,2022-11-17,5,5,23~44,50,39,68~101,Good
439,2022-11-17,2,6,45~65,52,40,68~101,Good
440,2022-11-17,5,5,45~65,48,43,68~101,Good
441,2022-11-17,8,5,23~44,28,28,34~67,Good
442,2022-11-17,2,3,23~44,22,40,68~101,Good
443,2022-11-17,8,5,23~44,42,42,68~101,Good
444,2022-11-17,8,6,23~44,52,49.07818,34~67,Good
445,2022-11-17,5,5,23~44,52,40,34~67,Good
446,2022-11-17,5,5,23~44,38,36,34~67,Good
447,2022-11-17,5,3,1~22,37,44,34~67,Very Good
448,2022-11-17,2,6,23~44,58,38,34~67,Good
449,2022-11-17,5,6,23~44,58,37,34~67,Good
450,2022-11-17,10,2,1~22,28,44,0~33,Very Good
451,2022-11-17,5,3,23~44,45,39,34~67,Very Good
452,2022-11-17,5,7,23~44,50,37,34~67,Good
453,2022-11-17,5,18,23~44,61,49.07818,34~67,Good
454,2022-11-17,5,5,23~44,48,37,34~67,Very Good
455,2022-11-17,2,5,23~44,50,35,34~67,Good
456,2022-11-17,5,6,23~44,47,30,34~67,Very Good
457,2022-11-17,2,7,23~44,56,23,34~67,Good
458,2022-11-17,2,6,23~44,52,36,34~67,Good
459,2022-11-17,2,6,1~22,30,41,0~33,Very Good
460,2022-11-17,2,5,23~44,43,36,34~67,Very Good
461,2022-11-17,5,7,23~44,51,38,34~67,Good
462,2022-11-17,10,5,23~44,47,35,34~67,Very Good
463,2022-11-17,2,7,23~44,53,40,34~67,Good
464,2022-11-17,5,6,23~44,54,44,34~67,Good
465,2022-11-17,2,5,23~44,52,44,0~33,Good
466,2022-11-17,2,3,23~44,20,44,0~33,Very Good
467,2022-11-17,5,6,23~44,45,38,34~67,Very Good
468,2022-11-17,0,5,23~44,40,39,34~67,Very Good
469,2022-11-16,5,2,23~44,17,44,0~33,Very Good
470,2022-11-16,0,1,1~22,2,44,0~33,Very Good
471,2022-11-16,5,3,23~44,18,49.07818,34~67,Very Good
472,2022-11-16,0,1,1~22,8,30,0~33,Very Good
473,2022-11-16,0,2,1~22,5,39,0~33,Very Good
474,2022-11-16,2,5,1~22,22,36,0~33,Very Good
475,2022-11-16,2,5,1~22,15,21,34~67,Very Good
476,2022-11-16,2,5,23~44,25,87,68~101,Fair
477,2022-11-16,8,8,45~65,57,49.07818,68~101,Fair
478,2022-11-16,0,7,1~22,37,49.07818,0~33,Very Good
479,2022-11-16,8,3,45~65,28,84,68~101,Fair
480,2022-11-16,2,12,1~22,52,49.07818,0~33,Good
481,2022-11-16,2,14,1~22,55,49.07818,0~33,Good
482,2022-11-16,0,2,1~22,23,32,0~33,Very Good
483,2022-11-16,0,2,1~22,15,33,0~33,Very Good
484,2022-11-16,2,2,1~22,2,39,0~33,Very Good
485,2022-11-16,2,2,1~22,18,40,0~33,Very Good
486,2022-11-16,0,2,1~22,17,36,0~33,Very Good
487,2022-11-16,0,1,1~22,2,34,0~33,Very Good
488,2022-11-16,10,6,66~87,18,136,102~135,Poor
489,2022-11-16,5,5,66~87,28,104,68~101,Fair
490,2022-11-16,8,7,45~65,53,50,102~135,Fair
491,2022-11-16,10,7,45~65,56,49.07818,68~101,Fair
492,2022-11-16,5,6,66~87,45,77,102~135,Fair
493,2022-11-16,5,6,66~87,40,74,68~101,Fair
494,2022-11-16,5,5,45~65,33,64,68~101,Fair
495,2022-11-16,12,6,66~87,35,71,68~101,Fair
496,2022-11-16,10,5,66~87,38,61,102~135,Poor
497,2022-11-16,12,8,45~65,50,49.07818,102~135,Fair
498,2022-11-16,5,6,45~65,47,54,102~135,Fair
499,2022-11-16,5,5,66~87,32,58,68~101,Fair
500,2022-11-16,5,3,45~65,17,87,68~101,Fair
501,2022-11-16,5,7,45~65,38,50,68~101,Fair
502,2022-11-16,5,5,45~65,22,54,68~101,Good
503,2022-11-16,2,3,45~65,25,54,68~101,Good
504,2022-11-16,2,5,45~65,20,74,68~101,Good
505,2022-11-16,12,5,45~65,28,58,68~101,Fair
506,2022-11-16,8,2,23~44,22,49.07818,34~67,Very Good
507,2022-11-16,2,3,45~65,13,54,34~67,Good
508,2022-11-16,5,3,45~65,17,58,68~101,Good
509,2022-11-16,2,3,45~65,17,44,34~67,Good
510,2022-11-16,10,5,66~87,33,58,68~101,Fair
511,2022-11-16,2,5,45~65,43,44,68~101,Good
512,2022-11-16,8,3,45~65,20,45,34~67,Very Good
513,2022-11-16,20,3,23~44,45,49.07818,34~67,Very Good
514,2022-11-16,5,5,23~44,47,45,34~67,Good
515,2022-11-16,2,6,23~44,53,44,34~67,Good
516,2022-11-16,2,7,23~44,57,43,34~67,Good
517,2022-11-16,5,6,45~65,55,48,34~67,Good
518,2022-11-16,5,6,23~44,51,42,34~67,Good
519,2022-11-16,5,3,23~44,27,32,34~67,Good
520,2022-11-16,2,3,23~44,15,40,34~67,Good
521,2022-11-16,10,3,23~44,37,30,0~33,Very Good
522,2022-11-16,5,3,1~22,40,49.07818,0~33,Very Good
523,2022-11-16,2,5,1~22,48,27,0~33,Very Good
524,2022-11-16,0,3,1~22,23,29,0~33,Very Good
525,2022-11-16,2,3,1~22,27,31,0~33,Very Good
526,2022-11-16,2,3,1~22,32,31,0~33,Very Good
527,2022-11-16,2,5,1~22,37,29,0~33,Very Good
528,2022-11-16,8,2,1~22,20,33,0~33,Very Good
529,2022-11-16,12,2,1~22,35,28,0~33,Very Good
530,2022-11-16,5,5,1~22,28,29,0~33,Very Good
531,2022-11-16,2,15,1~22,57,49.07818,0~33,Good
532,2022-11-16,2,3,1~22,47,30,0~33,Very Good
533,2022-11-16,0,3,1~22,33,31,0~33,Very Good
534,2022-11-16,2,5,1~22,42,30,0~33,Very Good
535,2022-11-16,0,5,1~22,42,28,0~33,Very Good
536,2022-11-16,2,2,1~22,30,32,0~33,Very Good
537,2022-11-16,2,3,1~22,22,29,0~33,Very Good
538,2022-11-16,0,3,1~22,38,26,0~33,Very Good
539,2022-11-16,2,5,1~22,30,29,0~33,Very Good
540,2022-11-16,0,3,1~22,28,29,0~33,Very Good
541,2022-11-16,2,6,1~22,43,30,0~33,Very Good
542,2022-11-16,5,5,1~22,35,32,0~33,Very Good
543,2022-11-16,2,3,1~22,30,30,0~33,Very Good
544,2022-11-16,0,2,23~44,20,37,0~33,Very Good
545,2022-11-16,2,2,1~22,27,30,0~33,Very Good
546,2022-11-16,0,2,1~22,33,36,0~33,Very Good
547,2022-11-15,8,3,23~44,33,54,34~67,Good
548,2022-11-15,0,1,23~44,3,50,0~33,Good
549,2022-11-15,10,5,45~65,28,49.07818,34~67,Good
550,2022-11-15,0,2,1~22,10,29,0~33,Very Good
551,2022-11-15,0,2,23~44,8,48,34~67,Very Good
552,2022-11-15,5,3,23~44,20,58,34~67,Good
553,2022-11-15,2,3,1~22,17,21,0~33,Very Good
554,2022-11-15,5,3,23~44,17,101,34~67,Fair
555,2022-11-15,12,8,66~87,57,49.07818,68~101,Fair
556,2022-11-15,5,10,23~44,56,49.07818,34~67,Good
557,2022-11-15,10,3,45~65,33,101,68~101,Fair
558,2022-11-15,2,12,23~44,57,49.07818,34~67,Good
559,2022-11-15,2,14,23~44,62,49.07818,34~67,Good
560,2022-11-15,2,3,23~44,30,32,0~33,Very Good
561,2022-11-15,2,2,23~44,10,44,0~33,Very Good
562,2022-11-15,5,2,1~22,5,44,0~33,Very Good
563,2022-11-15,2,3,23~44,28,40,0~33,Very Good
564,2022-11-15,2,2,1~22,13,37,0~33,Very Good
565,2022-11-15,0,2,1~22,0,37,0~33,Very Good
566,2022-11-15,5,5,45~65,22,122,68~101,Poor
567,2022-11-15,8,5,66~87,30,140,68~101,Poor
568,2022-11-15,12,7,66~87,60,84,102~135,Fair
569,2022-11-15,15,7,66~87,57,49.07818,102~135,Fair
570,2022-11-15,10,6,66~87,35,122,68~101,Poor
571,2022-11-15,10,5,23~44,30,97,34~67,Fair
572,2022-11-15,10,6,66~87,37,122,68~101,Poor
573,2022-11-15,8,5,66~87,27,100,68~101,Fair
574,2022-11-15,52,9,66~87,62,100,102~135,Poor
575,2022-11-15,8,9,45~65,54,49.07818,102~135,Fair
576,2022-11-15,12,7,45~65,57,100,68~101,Fair
577,2022-11-15,10,5,66~87,32,112,68~101,Fair
578,2022-11-15,5,3,45~65,22,112,68~101,Fair
579,2022-11-15,8,9,45~65,53,101,68~101,Fair
580,2022-11-15,5,7,45~65,45,108,68~101,Fair
581,2022-11-15,5,5,45~65,33,108,68~101,Fair
582,2022-11-15,8,6,66~87,37,112,68~101,Fair
583,2022-11-15,18,5,45~65,32,118,68~101,Poor
584,2022-11-15,12,5,45~65,25,49.07818,34~67,Good
585,2022-11-15,5,5,45~65,27,101,68~101,Fair
586,2022-11-15,15,5,66~87,28,108,68~101,Fair
587,2022-11-15,8,5,66~87,28,61,68~101,Fair
588,2022-11-15,8,5,45~65,30,97,68~101,Fair
589,2022-11-15,8,5,23~44,38,100,34~67,Fair
590,2022-11-15,8,5,45~65,30,64,68~101,Good
591,2022-11-15,12,5,23~44,35,49.07818,34~67,Good
592,2022-11-15,12,5,45~65,40,58,34~67,Good
593,2022-11-15,8,6,45~65,52,51,68~101,Good
594,2022-11-15,8,7,23~44,52,71,34~67,Good
595,2022-11-15,8,7,45~65,42,58,68~101,Good
596,2022-11-15,15,6,23~44,56,47,34~67,Good
597,2022-11-15,2,5,23~44,32,43,34~67,Good
598,2022-11-15,2,3,23~44,18,58,34~67,Good
599,2022-11-15,10,3,23~44,30,41,34~67,Very Good
600,2022-11-15,5,3,23~44,33,49.07818,0~33,Very Good
601,2022-11-15,5,3,23~44,28,42,34~67,Very Good
602,2022-11-15,2,3,23~44,32,46,34~67,Very Good
603,2022-11-15,2,3,23~44,43,45,34~67,Very Good
604,2022-11-15,2,3,1~22,32,44,0~33,Very Good
605,2022-11-15,5,5,23~44,43,38,34~67,Very Good
606,2022-11-15,10,2,23~44,45,41,34~67,Very Good
607,2022-11-15,5,3,23~44,52,37,34~67,Good
608,2022-11-15,5,5,23~44,35,44,34~67,Very Good
609,2022-11-15,2,14,23~44,54,49.07818,34~67,Good
610,2022-11-15,2,3,23~44,50,40,0~33,Good
611,2022-11-15,2,3,23~44,43,40,34~67,Very Good
612,2022-11-15,5,6,23~44,51,39,34~67,Good
613,2022-11-15,2,7,23~44,51,36,34~67,Good
614,2022-11-15,2,3,23~44,35,44,34~67,Very Good
615,2022-11-15,5,2,1~22,13,42,0~33,Very Good
616,2022-11-15,2,2,23~44,27,39,0~33,Very Good
617,2022-11-15,2,5,23~44,56,44,34~67,Good
618,2022-11-15,2,3,23~44,40,44,34~67,Very Good
619,2022-11-15,5,5,23~44,50,44,34~67,Good
620,2022-11-15,10,5,23~44,53,48,34~67,Good
621,2022-11-15,2,3,23~44,40,46,34~67,Very Good
622,2022-11-15,2,2,23~44,10,44,34~67,Very Good
623,2022-11-15,5,3,23~44,43,39,34~67,Very Good
624,2022-11-15,5,3,23~44,38,40,0~33,Very Good
625,2022-11-14,5,3,23~44,27,71,34~67,Good
626,2022-11-14,0,2,23~44,3,74,34~67,Good
627,2022-11-14,12,6,45~65,28,49.07818,34~67,Good
628,2022-11-14,0,2,1~22,8,35,0~33,Very Good
629,2022-11-14,0,2,23~44,5,54,34~67,Good
630,2022-11-14,5,3,23~44,20,84,34~67,Fair
631,2022-11-14,2,3,23~44,10,37,34~67,Good
632,2022-11-14,2,5,23~44,27,80,34~67,Good
633,2022-11-14,5,8,45~65,51,49.07818,68~101,Fair
634,2022-11-14,2,5,23~44,32,49.07818,34~67,Very Good
635,2022-11-14,5,5,45~65,32,101,68~101,Fair
636,2022-11-14,2,12,23~44,56,49.07818,34~67,Good
637,2022-11-14,2,12,23~44,61,49.07818,34~67,Good
638,2022-11-14,2,5,23~44,32,35,0~33,Very Good
639,2022-11-14,5,3,23~44,20,36,34~67,Very Good
640,2022-11-14,5,2,1~22,2,47,0~33,Very Good
641,2022-11-14,2,3,1~22,22,40,34~67,Very Good
642,2022-11-14,0,2,1~22,10,37,0~33,Very Good
643,2022-11-14,0,2,1~22,0,38,0~33,Very Good
644,2022-11-14,8,3,45~65,23,97,68~101,Fair
645,2022-11-14,8,5,45~65,33,80,68~101,Fair
646,2022-11-14,8,6,45~65,57,58,102~135,Fair
647,2022-11-14,10,6,45~65,48,49.07818,102~135,Fair
648,2022-11-14,2,5,45~65,37,58,68~101,Fair
649,2022-11-14,5,6,23~44,30,38,34~67,Very Good
650,2022-11-14,2,5,45~65,37,77,68~101,Fair
651,2022-11-14,8,5,66~87,32,97,68~101,Fair
652,2022-11-14,42,8,45~65,54,37,102~135,Fair
653,2022-11-14,8,8,45~65,50,49.07818,68~101,Fair
654,2022-11-14,5,6,45~65,47,67,68~101,Fair
655,2022-11-14,5,5,45~65,35,74,68~101,Fair
656,2022-11-14,5,3,23~44,13,67,34~67,Good
657,2022-11-14,2,9,45~65,48,67,102~135,Fair
658,2022-11-14,5,5,66~87,35,71,102~135,Fair
659,2022-11-14,5,3,45~65,28,64,68~101,Fair
660,2022-11-14,5,5,45~65,27,80,68~101,Good
661,2022-11-14,22,6,45~65,35,64,68~101,Fair
662,2022-11-14,8,3,23~44,27,49.07818,34~67,Good
663,2022-11-14,5,5,45~65,17,67,68~101,Good
664,2022-11-14,8,3,45~65,17,71,68~101,Good
665,2022-11-14,10,3,45~65,23,51,68~101,Good
666,2022-11-14,10,5,45~65,32,71,68~101,Good
667,2022-11-14,2,6,23~44,40,74,34~67,Good
668,2022-11-14,12,3,45~65,25,61,34~67,Good
669,2022-11-14,18,5,45~65,32,49.07818,34~67,Good
670,2022-11-14,2,5,23~44,37,58,34~67,Good
671,2022-11-14,2,5,23~44,50,64,34~67,Good
672,2022-11-14,5,5,23~44,52,74,34~67,Good
673,2022-11-14,2,7,45~65,53,71,34~67,Good
674,2022-11-14,2,3,23~44,33,54,34~67,Good
675,2022-11-14,12,5,23~44,45,41,34~67,Good
676,2022-11-14,0,3,23~44,20,71,34~67,Good
677,2022-11-14,8,3,23~44,38,49,34~67,Very Good
678,2022-11-14,8,5,23~44,43,49.07818,0~33,Very Good
679,2022-11-14,2,5,23~44,35,40,34~67,Very Good
680,2022-11-14,2,3,1~22,23,42,34~67,Very Good
681,2022-11-14,2,3,23~44,28,42,34~67,Very Good
682,2022-11-14,5,3,23~44,30,38,0~33,Very Good
683,2022-11-14,2,5,23~44,37,41,34~67,Very Good
684,2022-11-14,5,2,23~44,18,45,34~67,Very Good
685,2022-11-14,12,3,23~44,33,37,34~67,Very Good
686,2022-11-14,2,5,23~44,27,33,34~67,Very Good
687,2022-11-14,5,6,23~44,47,49.07818,34~67,Good
688,2022-11-14,2,3,23~44,38,34,0~33,Very Good
689,2022-11-14,2,3,23~44,33,35,34~67,Very Good
690,2022-11-14,2,3,23~44,38,37,34~67,Very Good
691,2022-11-14,2,5,23~44,48,34,34~67,Very Good
692,2022-11-14,2,2,23~44,17,44,34~67,Very Good
693,2022-11-14,2,3,1~22,28,42,0~33,Very Good
694,2022-11-14,2,2,23~44,20,42,0~33,Very Good
695,2022-11-14,5,3,23~44,23,44,34~67,Very Good
696,2022-11-14,2,3,23~44,20,42,34~67,Very Good
697,2022-11-14,2,5,23~44,33,37,34~67,Very Good
698,2022-11-14,5,3,23~44,25,41,0~33,Very Good
699,2022-11-14,0,3,1~22,22,41,0~33,Very Good
700,2022-11-14,0,2,66~87,15,49,34~67,Good
701,2022-11-14,2,2,23~44,23,43,34~67,Very Good
702,2022-11-14,2,3,23~44,30,44,34~67,Very Good
703,2022-11-13,8,2,23~44,20,44,34~67,Good
704,2022-11-13,2,2,23~44,27,64,0~33,Good
705,2022-11-13,8,2,23~44,20,49.07818,68~101,Good
706,2022-11-13,0,1,1~22,8,22,0~33,Very Good
707,2022-11-13,0,2,1~22,5,45,0~33,Very Good
708,2022-11-13,15,3,23~44,37,40,34~67,Good
709,2022-11-13,2,6,23~44,32,37,34~67,Very Good
710,2022-11-13,2,3,23~44,18,61,34~67,Good
711,2022-11-13,8,7,45~65,42,49.07818,102~135,Fair
712,2022-11-13,2,5,1~22,20,49.07818,34~67,Very Good
713,2022-11-13,5,3,23~44,25,93,68~101,Fair
714,2022-11-13,5,9,23~44,43,49.07818,34~67,Good
715,2022-11-13,2,11,23~44,23,49.07818,34~67,Very Good
716,2022-11-13,5,2,1~22,8,39,0~33,Very Good
717,2022-11-13,5,2,1~22,12,44,0~33,Very Good
718,2022-11-13,2,2,1~22,2,46,0~33,Very Good
719,2022-11-13,2,2,1~22,7,38,0~33,Very Good
720,2022-11-13,0,1,1~22,8,30,0~33,Very Good
721,2022-11-13,0,0,1~22,0,26,0~33,Very Good
722,2022-11-13,8,3,23~44,15,93,68~101,Fair
723,2022-11-13,5,5,45~65,23,80,68~101,Fair
724,2022-11-13,8,6,45~65,51,64,102~135,Fair
725,2022-11-13,8,7,45~65,45,49.07818,102~135,Fair
726,2022-11-13,2,6,66~87,37,71,102~135,Poor
727,2022-11-13,5,6,45~65,37,67,102~135,Fair
728,2022-11-13,5,5,45~65,38,54,102~135,Fair
729,2022-11-13,5,3,45~65,25,84,68~101,Fair
730,2022-11-13,5,6,45~65,38,100,102~135,Fair
731,2022-11-13,10,8,45~65,48,49.07818,102~135,Poor
732,2022-11-13,8,5,45~65,33,54,102~135,Poor
733,2022-11-13,2,5,45~65,27,51,102~135,Fair
734,2022-11-13,2,3,23~44,13,51,68~101,Good
735,2022-11-13,2,6,45~65,42,46,102~135,Fair
736,2022-11-13,5,3,45~65,15,48,68~101,Fair
737,2022-11-13,5,3,45~65,22,47,68~101,Fair
738,2022-11-13,5,3,45~65,20,61,68~101,Good
739,2022-11-13,18,5,45~65,35,58,68~101,Fair
740,2022-11-13,8,2,23~44,33,49.07818,68~101,Good
741,2022-11-13,5,3,45~65,18,50,68~101,Fair
742,2022-11-13,5,3,45~65,17,51,68~101,Fair
743,2022-11-13,5,3,45~65,20,42,68~101,Fair
744,2022-11-13,8,5,45~65,28,74,68~101,Good
745,2022-11-13,2,3,23~44,33,71,34~67,Good
746,2022-11-13,10,3,45~65,20,42,68~101,Good
747,2022-11-13,20,7,45~65,42,49.07818,68~101,Good
748,2022-11-13,2,5,23~44,43,44,68~101,Good
749,2022-11-13,2,7,23~44,33,45,34~67,Good
750,2022-11-13,2,7,23~44,40,47,34~67,Good
751,2022-11-13,2,5,23~44,42,47,34~67,Good
752,2022-11-13,2,5,23~44,38,40,34~67,Good
753,2022-11-13,8,3,23~44,17,33,34~67,Very Good
754,2022-11-13,2,2,1~22,13,44,34~67,Very Good
755,2022-11-13,5,2,23~44,22,33,34~67,Good
756,2022-11-13,8,3,23~44,22,49.07818,34~67,Good
757,2022-11-13,5,3,23~44,33,31,34~67,Good
758,2022-11-13,2,2,1~22,12,35,34~67,Very Good
759,2022-11-13,5,5,23~44,32,38,34~67,Good
760,2022-11-13,2,3,1~22,25,37,0~33,Very Good
761,2022-11-13,2,6,23~44,38,38,34~67,Good
762,2022-11-13,15,3,23~44,22,47,34~67,Very Good
763,2022-11-13,10,5,23~44,37,41,34~67,Very Good
764,2022-11-13,5,6,23~44,35,38,34~67,Good
765,2022-11-13,2,10,23~44,40,49.07818,34~67,Good
766,2022-11-13,5,3,23~44,22,38,0~33,Very Good
767,2022-11-13,2,3,1~22,17,39,34~67,Very Good
768,2022-11-13,5,5,1~22,35,37,34~67,Very Good
769,2022-11-13,2,5,23~44,28,37,34~67,Very Good
770,2022-11-13,2,3,1~22,33,45,34~67,Very Good
771,2022-11-13,2,3,1~22,30,29,0~33,Very Good
772,2022-11-13,2,5,1~22,32,41,34~67,Very Good
773,2022-11-13,2,5,1~22,37,42,34~67,Very Good
774,2022-11-13,5,5,23~44,30,43,34~67,Very Good
775,2022-11-13,5,5,1~22,35,35,34~67,Very Good
776,2022-11-13,5,5,23~44,25,42,0~33,Very Good
777,2022-11-13,2,3,1~22,15,37,0~33,Very Good
778,2022-11-13,2,3,23~44,13,45,34~67,Very Good
779,2022-11-13,2,3,1~22,17,40,0~33,Very Good
780,2022-11-13,8,3,23~44,28,43,34~67,Very Good
781,2022-11-12,2,2,23~44,12,39,34~67,Good
782,2022-11-12,2,2,1~22,28,32,0~33,Very Good
783,2022-11-12,2,3,45~65,13,49.07818,68~101,Good
784,2022-11-12,0,1,1~22,8,17,0~33,Very Good
785,2022-11-12,0,1,1~22,7,41,0~33,Very Good
786,2022-11-12,8,3,23~44,47,38,34~67,Very Good
787,2022-11-12,20,5,1~22,22,35,34~67,Very Good
788,2022-11-12,5,5,23~44,20,84,68~101,Fair
789,2022-11-12,10,7,45~65,64,49.07818,102~135,Fair
790,2022-11-12,5,11,1~22,53,49.07818,34~67,Good
791,2022-11-12,5,5,45~65,35,90,68~101,Fair
792,2022-11-12,2,10,23~44,53,49.07818,68~101,Good
793,2022-11-12,2,12,1~22,23,49.07818,34~67,Very Good
794,2022-11-12,5,3,1~22,22,27,0~33,Very Good
795,2022-11-12,8,1,1~22,12,26,0~33,Very Good
796,2022-11-12,10,3,23~44,12,64,0~33,Good
797,2022-11-12,5,2,1~22,13,23,0~33,Very Good
798,2022-11-12,2,1,1~22,12,21,0~33,Very Good
799,2022-11-12,0,1,1~22,2,25,0~33,Very Good
800,2022-11-12,5,2,23~44,17,84,34~67,Fair
801,2022-11-12,5,3,23~44,35,45,68~101,Good
802,2022-11-12,8,6,45~65,63,46,102~135,Fair
803,2022-11-12,10,7,45~65,63,49.07818,102~135,Fair
804,2022-11-12,2,6,45~65,47,71,102~135,Poor
805,2022-11-12,5,5,45~65,32,87,102~135,Fair
806,2022-11-12,8,5,45~65,35,46,68~101,Fair
807,2022-11-12,8,3,45~65,35,71,68~101,Fair
808,2022-11-12,2,5,45~65,27,50,68~101,Fair
809,2022-11-12,18,7,45~65,50,49.07818,102~135,Fair
810,2022-11-12,8,5,45~65,45,44,102~135,Fair
811,2022-11-12,2,5,45~65,37,48,102~135,Fair
812,2022-11-12,5,3,23~44,17,48,34~67,Good
813,2022-11-12,2,8,45~65,47,49,102~135,Fair
814,2022-11-12,0,5,45~65,22,51,102~135,Fair
815,2022-11-12,2,3,45~65,25,54,102~135,Fair
816,2022-11-12,5,3,66~87,25,54,102~135,Fair
817,2022-11-12,10,5,45~65,33,67,68~101,Fair
818,2022-11-12,10,2,23~44,18,49.07818,68~101,Good
819,2022-11-12,5,2,45~65,12,51,102~135,Fair
820,2022-11-12,2,2,66~87,10,54,102~135,Fair
821,2022-11-12,5,3,66~87,18,43,102~135,Poor
822,2022-11-12,10,5,66~87,33,71,102~135,Fair
823,2022-11-12,2,5,45~65,37,74,68~101,Good
824,2022-11-12,8,3,45~65,22,40,102~135,Fair
825,2022-11-12,8,5,45~65,28,49.07818,68~101,Fair
826,2022-11-12,8,5,45~65,30,38,68~101,Good
827,2022-11-12,2,5,45~65,40,41,68~101,Fair
828,2022-11-12,0,6,45~65,43,43,68~101,Good
829,2022-11-12,2,5,45~65,45,49,68~101,Fair
830,2022-11-12,2,3,23~44,32,33,68~101,Good
831,2022-11-12,8,5,23~44,27,28,68~101,Good
832,2022-11-12,2,2,23~44,13,39,34~67,Very Good
833,2022-11-12,5,2,23~44,23,28,34~67,Good
834,2022-11-12,8,3,23~44,38,49.07818,34~67,Good
835,2022-11-12,2,5,23~44,42,28,34~67,Good
836,2022-11-12,2,3,23~44,33,36,34~67,Good
837,2022-11-12,2,3,23~44,35,30,68~101,Good
838,2022-11-12,2,5,23~44,42,31,34~67,Good
839,2022-11-12,5,5,23~44,52,26,34~67,Good
840,2022-11-12,20,1,1~22,23,26,34~67,Very Good
841,2022-11-12,12,3,1~22,40,22,34~67,Very Good
842,2022-11-12,10,5,23~44,43,29,34~67,Good
843,2022-11-12,5,11,23~44,51,49.07818,34~67,Good
844,2022-11-12,5,5,23~44,38,35,0~33,Very Good
845,2022-11-12,2,5,1~22,32,38,34~67,Very Good
846,2022-11-12,5,6,1~22,37,32,34~67,Very Good
847,2022-11-12,2,6,23~44,40,31,34~67,Very Good
848,2022-11-12,5,5,1~22,43,31,34~67,Very Good
849,2022-11-12,5,3,1~22,42,23,34~67,Very Good
850,2022-11-12,5,3,1~22,38,29,34~67,Very Good
851,2022-11-12,5,5,1~22,42,37,34~67,Very Good
852,2022-11-12,2,5,23~44,45,31,34~67,Very Good
853,2022-11-12,5,6,1~22,40,36,34~67,Very Good
854,2022-11-12,2,6,23~44,45,39,34~67,Very Good
855,2022-11-12,5,3,1~22,28,44,0~33,Very Good
856,2022-11-12,2,2,23~44,17,27,0~33,Very Good
857,2022-11-12,8,3,1~22,25,26,0~33,Very Good
858,2022-11-12,2,3,1~22,30,21,0~33,Very Good
859,2022-11-11,2,2,23~44,10,51,68~101,Good
860,2022-11-11,0,0,1~22,3,31,0~33,Very Good
861,2022-11-11,2,2,45~65,17,49.07818,68~101,Good
862,2022-11-11,5,1,1~22,7,16,0~33,Very Good
863,2022-11-11,0,1,1~22,8,33,0~33,Very Good
864,2022-11-11,8,3,23~44,51,42,34~67,Good
865,2022-11-11,2,1,1~22,27,27,0~33,Very Good
866,2022-11-11,2,5,23~44,28,80,68~101,Good
867,2022-11-11,2,8,23~44,48,49.07818,68~101,Good
868,2022-11-11,2,9,1~22,37,49.07818,0~33,Very Good
869,2022-11-11,5,3,45~65,35,97,68~101,Fair
870,2022-11-11,5,12,1~22,52,49.07818,34~67,Good
871,2022-11-11,2,16,1~22,15,49.07818,0~33,Very Good
872,2022-11-11,5,2,1~22,28,19,0~33,Very Good
873,2022-11-11,2,2,1~22,17,25,0~33,Very Good
874,2022-11-11,5,1,1~22,7,23,0~33,Very Good
875,2022-11-11,2,3,1~22,17,27,0~33,Very Good
876,2022-11-11,0,2,1~22,13,21,0~33,Very Good
877,2022-11-11,0,1,1~22,2,22,0~33,Very Good
878,2022-11-11,2,2,23~44,27,87,68~101,Fair
879,2022-11-11,8,5,45~65,40,48,68~101,Good
880,2022-11-11,5,6,45~65,55,38,68~101,Fair
881,2022-11-11,5,7,45~65,51,49.07818,68~101,Fair
882,2022-11-11,5,5,45~65,38,49,68~101,Fair
883,2022-11-11,8,3,45~65,33,54,68~101,Fair
884,2022-11-11,5,3,45~65,35,47,68~101,Fair
885,2022-11-11,5,3,45~65,35,40,34~67,Good
886,2022-11-11,8,5,45~65,50,50,68~101,Good
887,2022-11-11,10,9,45~65,56,49.07818,68~101,Fair
888,2022-11-11,5,5,45~65,40,44,68~101,Fair
889,2022-11-11,5,3,45~65,33,45,68~101,Fair
890,2022-11-11,0,2,23~44,18,67,34~67,Good
891,2022-11-11,2,8,45~65,47,47,68~101,Fair
892,2022-11-11,2,3,45~65,32,51,68~101,Fair
893,2022-11-11,5,3,45~65,25,54,68~101,Fair
894,2022-11-11,5,3,45~65,27,71,68~101,Fair
895,2022-11-11,12,5,66~87,28,80,68~101,Fair
896,2022-11-11,12,2,23~44,28,49.07818,34~67,Good
897,2022-11-11,8,2,45~65,20,67,68~101,Good
898,2022-11-11,2,2,66~87,13,74,68~101,Fair
899,2022-11-11,5,2,45~65,12,61,102~135,Fair
900,2022-11-11,8,3,66~87,27,101,102~135,Fair
901,2022-11-11,2,5,45~65,35,90,68~101,Fair
902,2022-11-11,10,2,66~87,27,58,102~135,Fair
903,2022-11-11,5,3,45~65,17,49.07818,68~101,Fair
904,2022-11-11,8,5,45~65,27,43,68~101,Fair
905,2022-11-11,2,3,45~65,35,54,68~101,Fair
906,2022-11-11,2,5,45~65,33,61,68~101,Fair
907,2022-11-11,5,5,45~65,33,74,68~101,Fair
908,2022-11-11,2,3,45~65,37,44,68~101,Good
909,2022-11-11,8,5,45~65,23,38,68~101,Good
910,2022-11-11,2,3,23~44,13,51,68~101,Good
911,2022-11-11,5,5,23~44,28,39,34~67,Good
912,2022-11-11,10,3,23~44,27,49.07818,34~67,Very Good
913,2022-11-11,5,3,23~44,38,31,34~67,Very Good
914,2022-11-11,2,3,23~44,35,44,34~67,Good
915,2022-11-11,5,3,1~22,37,24,34~67,Very Good
916,2022-11-11,2,5,1~22,55,40,0~33,Good
917,2022-11-11,5,6,1~22,51,19,34~67,Good
918,2022-11-11,18,1,1~22,32,23,0~33,Very Good
919,2022-11-11,28,5,23~44,45,18,34~67,Very Good
920,2022-11-11,12,7,1~22,54,21,0~33,Good
921,2022-11-11,10,10,23~44,51,49.07818,34~67,Good
922,2022-11-11,5,5,1~22,32,13,0~33,Very Good
923,2022-11-11,2,5,1~22,33,14,0~33,Very Good
924,2022-11-11,5,5,1~22,40,14,0~33,Very Good
925,2022-11-11,10,6,1~22,35,13,0~33,Very Good
926,2022-11-11,5,2,1~22,28,20,0~33,Very Good
927,2022-11-11,2,3,1~22,45,19,0~33,Very Good
928,2022-11-11,0,3,1~22,35,27,0~33,Very Good
929,2022-11-11,8,5,1~22,32,19,0~33,Very Good
930,2022-11-11,2,5,1~22,40,22,0~33,Very Good
931,2022-11-11,2,7,1~22,47,20,0~33,Very Good
932,2022-11-11,2,5,1~22,37,28,0~33,Very Good
933,2022-11-11,0,3,1~22,35,19,0~33,Very Good
934,2022-11-11,0,2,23~44,20,23,0~33,Very Good
935,2022-11-11,5,3,1~22,30,13,0~33,Very Good
936,2022-11-11,2,5,1~22,25,20,0~33,Very Good
937,2022-11-10,2,1,23~44,23,40,34~67,Good
938,2022-11-10,0,0,1~22,7,31,0~33,Very Good
939,2022-11-10,2,2,45~65,22,49.07818,34~67,Good
940,2022-11-10,0,1,1~22,8,17,0~33,Very Good
941,2022-11-10,2,1,23~44,8,45,34~67,Very Good
942,2022-11-10,10,3,23~44,50,44,34~67,Good
943,2022-11-10,8,2,23~44,18,40,34~67,Good
944,2022-11-10,5,5,23~44,22,112,34~67,Fair
945,2022-11-10,8,8,45~65,52,49.07818,68~101,Good
946,2022-11-10,2,8,1~22,28,49.07818,0~33,Very Good
947,2022-11-10,5,3,45~65,30,115,68~101,Fair
948,2022-11-10,2,11,23~44,51,49.07818,0~33,Good
949,2022-11-10,2,14,1~22,17,49.07818,0~33,Very Good
950,2022-11-10,2,3,1~22,30,20,0~33,Very Good
951,2022-11-10,8,2,1~22,17,23,0~33,Very Good
952,2022-11-10,5,1,1~22,2,24,0~33,Very Good
953,2022-11-10,2,2,1~22,15,22,0~33,Very Good
954,2022-11-10,0,1,1~22,10,21,0~33,Very Good
955,2022-11-10,0,1,1~22,0,24,0~33,Very Good
956,2022-11-10,5,2,23~44,22,112,68~101,Fair
957,2022-11-10,5,5,45~65,30,97,68~101,Fair
958,2022-11-10,12,5,45~65,81,47,68~101,Fair
959,2022-11-10,10,7,45~65,55,49.07818,68~101,Fair
960,2022-11-10,5,5,45~65,52,87,68~101,Fair
961,2022-11-10,5,5,45~65,42,74,68~101,Good
962,2022-11-10,8,5,45~65,40,87,68~101,Fair
963,2022-11-10,5,3,45~65,28,77,34~67,Good
964,2022-11-10,8,3,45~65,32,118,68~101,Poor
965,2022-11-10,8,9,45~65,55,49.07818,68~101,Fair
966,2022-11-10,5,5,45~65,50,54,68~101,Fair
967,2022-11-10,5,3,45~65,38,77,68~101,Fair
968,2022-11-10,2,3,23~44,18,74,68~101,Good
969,2022-11-10,5,8,45~65,47,67,68~101,Good
970,2022-11-10,2,3,45~65,45,64,68~101,Good
971,2022-11-10,8,2,23~44,27,80,68~101,Good
972,2022-11-10,2,3,45~65,23,80,68~101,Good
973,2022-11-10,8,3,45~65,28,67,68~101,Good
974,2022-11-10,10,2,23~44,23,49.07818,34~67,Good
975,2022-11-10,5,3,45~65,18,61,34~67,Good
976,2022-11-10,2,3,45~65,22,64,68~101,Good
977,2022-11-10,8,3,45~65,20,44,68~101,Good
978,2022-11-10,12,3,66~87,30,87,68~101,Fair
979,2022-11-10,5,5,45~65,30,108,68~101,Fair
980,2022-11-10,12,3,45~65,23,44,68~101,Good
981,2022-11-10,10,5,45~65,28,49.07818,34~67,Good
982,2022-11-10,20,6,45~65,40,43,68~101,Good
983,2022-11-10,5,5,45~65,50,50,68~101,Good
984,2022-11-10,8,6,23~44,43,61,34~67,Good
985,2022-11-10,8,6,45~65,40,67,34~67,Good
986,2022-11-10,8,5,45~65,51,44,34~67,Good
987,2022-11-10,5,3,23~44,47,34,68~101,Good
988,2022-11-10,5,3,45~65,25,93,68~101,Fair
989,2022-11-10,8,5,23~44,28,46,34~67,Good
990,2022-11-10,8,5,23~44,32,49.07818,34~67,Very Good
991,2022-11-10,5,3,23~44,38,36,34~67,Very Good
992,2022-11-10,5,2,1~22,22,46,34~67,Very Good
993,2022-11-10,8,5,23~44,48,31,34~67,Very Good
994,2022-11-10,0,2,1~22,33,25,0~33,Very Good
995,2022-11-10,2,5,1~22,32,17,0~33,Very Good
996,2022-11-10,20,3,1~22,33,22,0~33,Very Good
997,2022-11-10,5,3,1~22,37,20,0~33,Very Good
998,2022-11-10,15,5,1~22,35,21,0~33,Very Good
999,2022-11-10,5,10,1~22,40,49.07818,0~33,Very Good
1000,2022-11-10,5,2,1~22,33,17,0~33,Very Good
