monitordate,aqi,so2subindex,cosubindex,pm10subindex,no2subindex,o38subindex,pm25subindex
2022-11-22,61,2,2,41,17,50,61
2022-11-22,43,2,1,23,10,43,23
2022-11-22,67,5,3,56,20,,67
2022-11-22,21,0,1,9,12,21,11
2022-11-22,50,0,3,33,8,50,43
2022-11-22,60,10,3,35,42,29,60
2022-11-22,68,20,7,31,33,42,68
2022-11-22,76,5,6,44,27,40,76
2022-11-22,87,10,12,57,57,,87
2022-11-22,58,2,15,22,58,,51
2022-11-22,121,5,6,71,45,48,121
2022-11-22,58,50,15,33,56,,58
2022-11-22,63,5,12,23,63,,36
2022-11-22,30,2,3,21,30,21,15
2022-11-22,31,2,3,13,23,31,18
2022-11-22,46,2,2,15,13,46,34
2022-11-22,27,0,2,12,22,27,14
2022-11-22,22,0,3,12,20,22,4
2022-11-22,31,2,1,6,2,31,5
2022-11-22,132,28,7,64,37,132,108
2022-11-22,94,5,6,65,42,77,94
2022-11-22,93,10,7,58,62,44,93
2022-11-22,90,10,8,59,56,,90
2022-11-22,97,10,7,66,48,43,97
2022-11-22,90,12,6,,55,49,90
2022-11-22,91,5,6,75,48,49,91
2022-11-22,72,15,5,60,40,58,72
2022-11-22,96,20,6,60,53,50,96
2022-11-22,102,8,9,56,56,,102
2022-11-22,102,12,6,59,52,47,102
2022-11-22,105,8,6,72,48,44,105
2022-11-22,70,5,3,40,17,44,70
2022-11-22,100,5,10,62,51,41,100
2022-11-22,95,5,6,69,32,46,95
2022-11-22,96,5,5,61,27,44,96
2022-11-22,97,2,6,78,30,49,97
2022-11-22,114,18,7,82,38,46,114
2022-11-22,65,10,3,50,35,,65
2022-11-22,88,5,5,72,23,45,88
2022-11-22,101,5,6,84,25,45,101
2022-11-22,102,5,6,87,32,40,102
2022-11-22,133,5,5,87,32,46,133
2022-11-22,118,2,6,71,51,44,118
2022-11-22,89,8,6,78,30,41,89
2022-11-22,74,12,6,61,37,,74
2022-11-22,101,15,6,78,45,32,101
2022-11-22,108,5,7,68,51,38,108
2022-11-22,89,5,7,59,47,37,89
2022-11-22,95,5,7,68,51,41,95
2022-11-22,79,8,6,59,45,38,79
2022-11-22,94,2,6,53,38,27,94
2022-11-22,80,5,3,41,30,40,80
2022-11-22,72,5,5,48,28,40,72
2022-11-22,52,8,5,40,40,,52
2022-11-22,52,10,5,33,42,31,52
2022-11-22,64,2,3,32,30,38,64
2022-11-22,49,5,3,25,35,36,49
2022-11-22,41,15,5,28,40,37,41
2022-11-22,74,74,3,30,42,34,52
2022-11-22,36,2,2,22,25,36,31
2022-11-22,48,5,3,24,48,33,27
2022-11-22,49,15,5,28,35,38,49
2022-11-22,53,5,11,28,53,,41
2022-11-22,52,2,6,28,52,31,27
2022-11-22,58,2,7,25,58,37,48
2022-11-22,55,2,8,21,55,32,42
2022-11-22,57,5,8,28,57,27,38
2022-11-22,40,8,3,20,40,34,29
2022-11-22,34,2,2,11,23,34,24
2022-11-22,37,5,3,15,37,37,31
2022-11-22,50,5,5,21,50,35,38
2022-11-22,42,2,3,24,42,38,37
2022-11-22,48,5,7,25,48,40,45
2022-11-22,48,8,7,27,48,44,38
2022-11-22,45,2,6,22,45,44,32
2022-11-22,34,2,3,25,30,34,29
2022-11-22,55,5,6,19,55,37,35
2022-11-22,48,8,5,20,48,30,28
2022-11-21,61,2,2,39,17,61,58
2022-11-21,50,0,2,28,5,50,31
2022-11-21,53,2,3,44,13,,53
2022-11-21,30,0,1,8,8,30,9
2022-11-21,64,0,2,32,7,64,44
2022-11-21,74,18,3,38,45,74,55
2022-11-21,77,2,3,31,10,77,61
2022-11-21,80,5,5,40,17,80,72
2022-11-21,65,5,7,42,33,,65
2022-11-21,40,0,6,15,40,,31
2022-11-21,87,2,5,53,27,84,87
2022-11-21,54,2,12,21,54,,25
2022-11-21,52,2,10,20,52,,27
2022-11-21,47,5,5,19,47,21,16
2022-11-21,31,2,3,10,27,31,20
2022-11-21,41,5,2,4,3,41,
2022-11-21,32,0,3,12,23,32,19
2022-11-21,30,0,2,12,12,30,6
2022-11-21,33,0,1,4,0,33,4
2022-11-21,78,5,3,46,20,64,78
2022-11-21,74,8,5,48,28,58,74
2022-11-21,75,8,5,42,50,35,75
2022-11-21,71,5,6,43,37,,71
2022-11-21,72,5,5,47,33,50,72
2022-11-21,68,5,3,,33,49,68
2022-11-21,62,5,5,50,35,48,62
2022-11-21,59,8,3,48,38,45,59
2022-11-21,78,20,6,47,45,43,78
2022-11-21,83,10,9,47,48,,83
2022-11-21,73,8,5,40,37,43,73
2022-11-21,72,5,5,50,35,46,72
2022-11-21,70,2,3,42,18,50,70
2022-11-21,63,2,9,39,40,47,63
2022-11-21,61,2,5,47,25,51,61
2022-11-21,61,2,3,40,27,48,61
2022-11-21,65,5,5,52,25,64,65
2022-11-21,74,8,5,55,25,67,74
2022-11-21,59,8,3,43,17,,59
2022-11-21,66,8,3,54,22,54,66
2022-11-21,73,5,3,59,23,64,73
2022-11-21,82,5,3,63,12,47,82
2022-11-21,97,5,5,67,22,77,97
2022-11-21,88,12,7,54,52,77,88
2022-11-21,66,12,3,58,18,51,66
2022-11-21,61,18,5,49,32,,61
2022-11-21,76,18,6,61,51,39,76
2022-11-21,76,2,5,51,55,64,76
2022-11-21,67,2,7,48,56,67,65
2022-11-21,75,8,6,60,53,61,75
2022-11-21,60,2,5,44,52,50,60
2022-11-21,63,5,5,38,30,42,63
2022-11-21,56,2,3,31,18,54,56
2022-11-21,47,2,5,28,35,42,47
2022-11-21,47,5,5,19,47,,22
2022-11-21,39,2,3,14,32,39,16
2022-11-21,39,2,3,13,22,39,24
2022-11-21,38,2,3,13,25,38,21
2022-11-21,34,2,3,12,28,34,5
2022-11-21,36,2,5,13,28,36,21
2022-11-21,38,15,2,29,28,38,36
2022-11-21,43,20,3,23,43,33,24
2022-11-21,33,2,3,16,23,33,28
2022-11-21,47,2,6,26,47,,40
2022-11-21,40,2,3,26,40,31,21
2022-11-21,31,2,3,16,30,31,29
2022-11-21,35,2,5,17,35,31,29
2022-11-21,42,0,6,20,42,30,25
2022-11-21,38,0,2,18,12,38,25
2022-11-21,37,2,2,11,10,37,26
2022-11-21,36,2,3,15,30,36,18
2022-11-21,34,2,3,15,20,34,30
2022-11-21,34,0,3,20,20,34,22
2022-11-21,32,2,5,13,32,31,30
2022-11-21,33,2,5,16,30,33,13
2022-11-21,32,5,3,16,18,32,19
2022-11-21,43,2,2,34,10,43,35
2022-11-21,35,5,3,13,35,32,24
2022-11-21,36,0,3,22,27,36,33
2022-11-20,45,5,1,24,13,45,32
2022-11-20,47,2,0,24,7,47,22
2022-11-20,38,5,2,35,20,,38
2022-11-20,30,0,1,8,3,30,14
2022-11-20,46,0,1,23,5,46,28
2022-11-20,64,8,5,40,40,64,60
2022-11-20,39,2,3,19,15,36,39
2022-11-20,58,5,5,28,22,54,58
2022-11-20,101,5,7,58,42,,101
2022-11-20,52,2,5,19,52,,33
2022-11-20,79,2,3,43,23,64,79
2022-11-20,42,2,8,22,42,,28
2022-11-20,52,2,10,16,52,,22
2022-11-20,32,0,2,14,13,32,5
2022-11-20,31,2,2,9,17,31,13
2022-11-20,41,2,1,9,0,41,4
2022-11-20,32,0,2,10,20,32,19
2022-11-20,31,0,1,11,7,31,5
2022-11-20,27,0,1,4,0,27,2
2022-11-20,143,8,5,56,17,143,105
2022-11-20,98,8,5,57,25,97,98
2022-11-20,104,10,6,57,38,77,104
2022-11-20,100,8,6,61,47,,100
2022-11-20,102,5,6,64,30,80,102
2022-11-20,90,5,6,62,35,71,90
2022-11-20,86,2,5,59,28,74,86
2022-11-20,101,5,5,65,35,101,89
2022-11-20,106,10,5,56,33,100,106
2022-11-20,108,8,7,57,37,,108
2022-11-20,103,5,5,53,32,80,103
2022-11-20,90,2,5,63,28,36,90
2022-11-20,79,5,3,44,13,51,79
2022-11-20,94,2,6,53,35,50,94
2022-11-20,81,2,5,53,22,51,81
2022-11-20,80,5,3,49,22,54,80
2022-11-20,66,5,3,51,22,58,66
2022-11-20,78,8,5,58,27,50,78
2022-11-20,37,8,2,31,20,,37
2022-11-20,65,2,5,49,17,45,65
2022-11-20,64,5,3,53,18,48,64
2022-11-20,63,8,2,49,18,43,63
2022-11-20,79,5,5,58,25,58,79
2022-11-20,65,0,5,41,35,54,65
2022-11-20,46,10,5,46,20,44,39
2022-11-20,42,12,3,36,30,,42
2022-11-20,52,2,3,38,27,43,52
2022-11-20,57,2,3,35,45,44,57
2022-11-20,48,2,5,29,45,44,48
2022-11-20,49,2,5,38,40,44,49
2022-11-20,44,2,3,32,38,43,44
2022-11-20,42,8,3,23,30,30,42
2022-11-20,42,2,2,20,15,42,41
2022-11-20,47,8,3,27,30,38,47
2022-11-20,28,5,3,23,28,,27
2022-11-20,35,5,2,19,32,35,28
2022-11-20,36,2,2,14,12,35,36
2022-11-20,37,2,2,19,20,37,31
2022-11-20,34,2,2,12,22,34,11
2022-11-20,35,2,2,17,35,34,28
2022-11-20,39,15,1,22,18,39,27
2022-11-20,37,10,1,21,33,37,22
2022-11-20,33,10,3,16,20,33,30
2022-11-20,47,5,6,24,47,,33
2022-11-20,31,5,2,26,28,31,14
2022-11-20,33,2,2,15,17,33,24
2022-11-20,31,2,2,14,30,31,22
2022-11-20,29,5,3,16,28,29,21
2022-11-20,37,2,2,14,18,37,23
2022-11-20,34,2,3,11,20,34,20
2022-11-20,35,0,1,13,15,35,16
2022-11-20,35,2,3,13,23,35,23
2022-11-20,34,2,2,16,18,34,18
2022-11-20,30,2,3,14,30,30,24
2022-11-20,34,2,2,16,17,34,13
2022-11-20,34,0,2,12,17,34,8
2022-11-20,37,0,2,27,18,37,22
2022-11-20,35,5,2,14,33,35,19
2022-11-20,36,2,3,17,32,36,22
2022-11-19,51,5,3,34,23,50,51
2022-11-19,47,0,1,29,8,47,24
2022-11-19,64,5,3,48,22,,64
2022-11-19,23,2,1,12,7,23,15
2022-11-19,50,0,1,26,7,50,31
2022-11-19,64,20,3,41,52,64,58
2022-11-19,44,12,2,25,15,44,44
2022-11-19,90,5,5,30,22,90,52
2022-11-19,110,32,10,68,56,,110
2022-11-19,31,2,5,14,27,,31
2022-11-19,80,2,3,45,25,80,77
2022-11-19,55,2,8,32,55,,37
2022-11-19,53,0,10,17,53,,20
2022-11-19,35,2,2,11,17,35,8
2022-11-19,37,2,2,10,12,37,15
2022-11-19,39,2,1,8,2,39,3
2022-11-19,36,2,2,12,12,36,19
2022-11-19,31,0,2,17,13,31,10
2022-11-19,31,0,1,7,2,31,7
2022-11-19,151,15,5,49,20,151,87
2022-11-19,150,8,6,63,45,150,102
2022-11-19,114,25,7,69,72,61,114
2022-11-19,114,22,8,71,58,,114
2022-11-19,119,20,8,76,47,101,119
2022-11-19,106,8,6,69,38,100,106
2022-11-19,108,12,6,63,35,108,90
2022-11-19,108,20,6,73,45,108,95
2022-11-19,111,45,8,65,63,93,111
2022-11-19,112,20,9,65,47,,112
2022-11-19,113,20,6,57,45,93,113
2022-11-19,107,12,5,69,25,97,107
2022-11-19,93,5,3,44,15,93,81
2022-11-19,116,5,8,62,42,74,116
2022-11-19,105,2,5,64,20,74,105
2022-11-19,100,5,3,58,22,84,100
2022-11-19,87,2,5,63,22,84,87
2022-11-19,92,15,5,67,30,71,92
2022-11-19,59,5,3,41,18,,59
2022-11-19,85,5,3,61,18,50,85
2022-11-19,89,8,3,70,18,49,89
2022-11-19,80,5,5,60,27,43,80
2022-11-19,92,8,5,71,27,67,92
2022-11-19,80,2,5,47,30,80,74
2022-11-19,63,10,3,51,20,43,63
2022-11-19,44,12,3,36,33,,44
2022-11-19,57,5,5,43,38,43,57
2022-11-19,62,2,3,39,38,44,62
2022-11-19,56,0,5,36,48,44,56
2022-11-19,62,2,6,49,38,47,62
2022-11-19,47,2,3,34,25,44,47
2022-11-19,46,5,2,25,18,31,46
2022-11-19,53,2,2,27,13,43,53
2022-11-19,47,8,3,29,35,41,47
2022-11-19,32,8,3,27,32,,27
2022-11-19,38,2,3,27,33,38,32
2022-11-19,40,2,2,23,23,40,40
2022-11-19,41,5,2,22,20,41,32
2022-11-19,38,5,3,16,32,38,15
2022-11-19,38,2,3,25,38,35,35
2022-11-19,43,12,1,26,37,43,31
2022-11-19,40,10,1,25,40,40,26
2022-11-19,35,8,5,20,30,35,34
2022-11-19,48,5,7,25,48,,28
2022-11-19,35,5,3,23,35,34,13
2022-11-19,33,2,2,14,23,33,22
2022-11-19,33,5,3,14,33,32,22
2022-11-19,32,2,3,18,32,29,23
2022-11-19,36,5,2,13,13,36,19
2022-11-19,37,5,5,12,30,37,22
2022-11-19,33,2,2,16,20,33,21
2022-11-19,36,2,3,13,22,36,23
2022-11-19,35,2,2,18,18,35,18
2022-11-19,38,2,5,14,38,33,23
2022-11-19,36,5,3,14,25,36,17
2022-11-19,35,2,2,11,18,35,11
2022-11-19,37,0,2,29,28,37,23
2022-11-19,43,10,3,15,43,35,20
2022-11-19,42,0,5,19,42,31,27
2022-11-18,60,10,3,35,32,54,60
2022-11-18,50,0,1,29,3,50,22
2022-11-18,67,12,5,48,30,,67
2022-11-18,18,2,1,16,12,18,17
2022-11-18,51,0,2,18,5,51,25
2022-11-18,64,5,5,30,30,64,46
2022-11-18,50,0,2,22,10,50,44
2022-11-18,67,2,5,25,30,67,43
2022-11-18,95,10,9,60,55,,95
2022-11-18,37,2,10,16,37,,31
2022-11-18,87,2,3,38,28,87,54
2022-11-18,54,2,9,31,54,,37
2022-11-18,57,5,12,22,57,,28
2022-11-18,31,2,2,16,27,31,12
2022-11-18,37,0,2,13,13,37,21
2022-11-18,42,2,2,5,2,42,5
2022-11-18,36,2,2,14,27,36,21
2022-11-18,26,0,2,22,17,26,20
2022-11-18,31,0,1,11,0,31,11
2022-11-18,101,8,3,44,25,101,81
2022-11-18,126,12,6,58,40,126,88
2022-11-18,97,10,6,60,53,93,97
2022-11-18,99,12,8,63,57,,99
2022-11-18,112,5,6,64,38,112,102
2022-11-18,104,5,6,63,50,104,92
2022-11-18,122,5,5,66,42,122,91
2022-11-18,143,8,5,70,43,143,95
2022-11-18,91,38,7,56,54,80,91
2022-11-18,94,8,9,57,52,,94
2022-11-18,101,22,6,53,52,97,101
2022-11-18,104,5,5,63,42,104,103
2022-11-18,100,5,5,46,22,100,80
2022-11-18,99,2,8,55,40,45,99
2022-11-18,92,5,5,61,23,54,92
2022-11-18,96,5,3,58,23,61,96
2022-11-18,90,8,5,68,23,61,90
2022-11-18,92,20,6,70,32,61,92
2022-11-18,56,10,3,39,27,,56
2022-11-18,82,5,5,60,28,50,82
2022-11-18,90,8,5,71,28,54,90
2022-11-18,86,8,5,68,35,45,86
2022-11-18,79,8,5,64,32,64,79
2022-11-18,54,2,5,35,52,54,53
2022-11-18,65,10,6,60,33,45,65
2022-11-18,64,12,5,51,35,,64
2022-11-18,62,2,5,47,35,44,62
2022-11-18,64,2,3,44,32,46,64
2022-11-18,55,2,5,38,38,43,55
2022-11-18,53,2,6,46,52,47,53
2022-11-18,57,2,3,42,30,44,57
2022-11-18,47,2,3,28,27,35,47
2022-11-18,59,2,3,31,23,44,59
2022-11-18,52,8,3,35,45,40,52
2022-11-18,36,10,3,27,32,,36
2022-11-18,38,5,3,29,32,36,38
2022-11-18,36,2,2,24,20,35,36
2022-11-18,38,5,2,23,25,38,32
2022-11-18,31,5,3,17,28,31,22
2022-11-18,38,2,5,26,38,33,34
2022-11-18,43,20,1,25,17,43,30
2022-11-18,48,28,2,27,48,38,28
2022-11-18,40,8,3,24,33,33,40
2022-11-18,54,2,9,25,54,,30
2022-11-18,47,5,3,24,47,30,13
2022-11-18,40,2,3,16,40,30,25
2022-11-18,48,10,5,14,48,30,21
2022-11-18,45,2,6,17,45,27,24
2022-11-18,38,2,3,19,38,37,28
2022-11-18,37,0,5,14,33,37,24
2022-11-18,33,2,2,18,22,33,23
2022-11-18,48,2,6,17,48,33,28
2022-11-18,50,2,5,23,50,34,28
2022-11-18,38,5,5,16,38,31,26
2022-11-18,35,5,5,19,33,35,19
2022-11-18,32,0,3,14,22,32,18
2022-11-18,40,0,2,33,17,40,23
2022-11-18,47,8,3,15,47,29,19
2022-11-18,38,2,3,19,35,38,24
2022-11-17,61,2,2,34,13,61,47
2022-11-17,50,0,2,23,22,50,24
2022-11-17,50,2,2,43,17,,50
2022-11-17,24,0,1,17,8,24,19
2022-11-17,49,0,2,19,7,49,32
2022-11-17,47,15,3,26,33,47,42
2022-11-17,42,8,8,15,28,42,31
2022-11-17,57,2,3,27,22,46,57
2022-11-17,77,8,7,46,54,,77
2022-11-17,61,2,12,25,61,,50
2022-11-17,58,2,2,31,37,54,58
2022-11-17,69,5,12,42,60,,69
2022-11-17,59,5,14,30,59,,49
2022-11-17,36,5,3,22,22,36,12
2022-11-17,36,5,3,16,17,36,18
2022-11-17,38,5,2,17,8,38,31
2022-11-17,27,8,3,18,18,27,27
2022-11-17,29,2,2,22,20,29,18
2022-11-17,30,0,1,12,0,30,16
2022-11-17,81,12,3,45,18,67,81
2022-11-17,78,8,6,54,47,67,78
2022-11-17,83,10,5,51,56,51,83
2022-11-17,82,10,5,49,56,,82
2022-11-17,82,2,5,48,43,74,82
2022-11-17,70,2,5,49,25,64,70
2022-11-17,69,2,7,52,57,64,69
2022-11-17,81,10,5,63,38,71,81
2022-11-17,90,45,6,55,58,87,90
2022-11-17,89,8,9,53,57,,89
2022-11-17,80,12,5,43,48,64,80
2022-11-17,79,2,6,54,52,58,79
2022-11-17,70,2,3,40,27,54,70
2022-11-17,73,2,8,42,40,49,73
2022-11-17,72,2,3,48,20,51,72
2022-11-17,68,5,3,40,23,58,68
2022-11-17,62,5,3,49,22,51,62
2022-11-17,76,15,6,54,43,64,76
2022-11-17,45,8,2,37,25,,45
2022-11-17,54,2,2,44,17,46,54
2022-11-17,68,2,3,54,18,34,68
2022-11-17,82,2,2,62,20,44,82
2022-11-17,80,8,6,60,42,64,80
2022-11-17,70,2,5,41,43,49,70
2022-11-17,74,10,3,62,25,44,74
2022-11-17,63,12,3,52,37,,63
2022-11-17,72,8,5,51,45,36,72
2022-11-17,77,2,5,50,47,39,77
2022-11-17,68,5,5,43,50,39,68
2022-11-17,73,2,6,49,52,40,73
2022-11-17,72,5,5,49,48,43,72
2022-11-17,67,8,5,35,28,28,67
2022-11-17,68,2,3,36,22,40,68
2022-11-17,68,8,5,41,42,42,68
2022-11-17,53,8,6,37,52,,53
2022-11-17,52,5,5,30,52,40,47
2022-11-17,54,5,5,29,38,36,54
2022-11-17,44,5,3,21,37,44,41
2022-11-17,61,2,6,35,58,38,61
2022-11-17,61,5,6,35,58,37,61
2022-11-17,44,10,2,20,28,44,32
2022-11-17,45,5,3,23,45,39,35
2022-11-17,64,5,7,34,50,37,64
2022-11-17,61,5,18,32,61,,49
2022-11-17,48,5,5,32,48,37,37
2022-11-17,50,2,5,25,50,35,44
2022-11-17,47,5,6,23,47,30,41
2022-11-17,56,2,7,27,56,23,44
2022-11-17,52,2,6,29,52,36,45
2022-11-17,41,2,6,17,30,41,31
2022-11-17,43,2,5,24,43,36,43
2022-11-17,51,5,7,24,51,38,48
2022-11-17,47,10,5,28,47,35,46
2022-11-17,53,2,7,27,53,40,51
2022-11-17,54,5,6,29,54,44,44
2022-11-17,52,2,5,23,52,44,30
2022-11-17,44,2,3,27,20,44,33
2022-11-17,45,5,6,28,45,38,40
2022-11-17,41,0,5,26,40,39,41
2022-11-16,44,5,2,24,17,44,27
2022-11-16,44,0,1,22,2,44,9
2022-11-16,37,5,3,34,18,,37
2022-11-16,30,0,1,15,8,30,19
2022-11-16,39,0,2,19,5,39,22
2022-11-16,36,2,5,22,22,36,30
2022-11-16,35,2,5,16,15,21,35
2022-11-16,87,2,5,37,25,87,70
2022-11-16,97,8,8,62,57,,97
2022-11-16,37,0,7,9,37,,17
2022-11-16,90,8,3,57,28,84,90
2022-11-16,52,2,12,16,52,,22
2022-11-16,55,2,14,11,55,,15
2022-11-16,32,0,2,11,23,32,6
2022-11-16,33,0,2,10,15,33,17
2022-11-16,39,2,2,1,2,39,0
2022-11-16,40,2,2,15,18,40,26
2022-11-16,36,0,2,17,17,36,16
2022-11-16,34,0,1,12,2,34,18
2022-11-16,136,10,6,66,18,136,117
2022-11-16,104,5,5,66,28,104,93
2022-11-16,102,8,7,64,53,50,102
2022-11-16,97,10,7,64,56,,97
2022-11-16,104,5,6,69,45,77,104
2022-11-16,96,5,6,69,40,74,96
2022-11-16,88,5,5,64,33,64,88
2022-11-16,96,12,6,76,35,71,96
2022-11-16,119,10,5,68,38,61,119
2022-11-16,111,12,8,65,50,,111
2022-11-16,104,5,6,53,47,54,104
2022-11-16,98,5,5,67,32,58,98
2022-11-16,87,5,3,50,17,87,82
2022-11-16,89,5,7,54,38,50,89
2022-11-16,80,5,5,56,22,54,80
2022-11-16,82,2,3,52,25,54,82
2022-11-16,74,2,5,59,20,74,73
2022-11-16,87,12,5,65,28,58,87
2022-11-16,38,8,2,31,22,,38
2022-11-16,60,2,3,48,13,54,60
2022-11-16,68,5,3,56,17,58,68
2022-11-16,58,2,3,47,17,44,58
2022-11-16,88,10,5,70,33,58,88
2022-11-16,82,2,5,54,43,44,82
2022-11-16,45,8,3,45,20,45,44
2022-11-16,45,20,3,36,45,,38
2022-11-16,52,5,5,40,47,45,52
2022-11-16,56,2,6,39,53,44,56
2022-11-16,57,2,7,35,57,43,53
2022-11-16,64,5,6,53,55,48,64
2022-11-16,51,5,6,33,51,42,38
2022-11-16,58,5,3,33,27,32,58
2022-11-16,50,2,3,28,15,40,50
2022-11-16,37,10,3,23,37,30,31
2022-11-16,40,5,3,15,40,,14
2022-11-16,48,2,5,14,48,27,20
2022-11-16,29,0,3,13,23,29,24
2022-11-16,31,2,3,14,27,31,19
2022-11-16,32,2,3,7,32,31,2
2022-11-16,37,2,5,10,37,29,19
2022-11-16,33,8,2,18,20,33,20
2022-11-16,35,12,2,16,35,28,11
2022-11-16,29,5,5,10,28,29,16
2022-11-16,57,2,15,21,57,,31
2022-11-16,47,2,3,13,47,30,6
2022-11-16,33,0,3,11,33,31,16
2022-11-16,42,2,5,6,42,30,12
2022-11-16,42,0,5,8,42,28,9
2022-11-16,32,2,2,8,30,32,7
2022-11-16,29,2,3,5,22,29,6
2022-11-16,38,0,3,8,38,26,7
2022-11-16,30,2,5,8,30,29,14
2022-11-16,29,0,3,11,28,29,11
2022-11-16,43,2,6,6,43,30,15
2022-11-16,35,5,5,11,35,32,5
2022-11-16,30,2,3,7,30,30,5
2022-11-16,37,0,2,35,20,37,21
2022-11-16,30,2,2,7,27,30,9
2022-11-16,36,0,2,12,33,36,15
2022-11-15,60,8,3,41,33,54,60
2022-11-15,50,0,1,30,3,50,28
2022-11-15,65,10,5,51,28,,65
2022-11-15,29,0,2,12,10,29,11
2022-11-15,48,0,2,29,8,48,39
2022-11-15,58,5,3,33,20,58,52
2022-11-15,32,2,3,21,17,21,32
2022-11-15,101,5,3,33,17,101,57
2022-11-15,97,12,8,67,57,,97
2022-11-15,56,5,10,28,56,,49
2022-11-15,101,10,3,45,33,101,70
2022-11-15,57,2,12,35,57,,51
2022-11-15,62,2,14,31,62,,44
2022-11-15,32,2,3,30,30,32,26
2022-11-15,44,2,2,23,10,44,32
2022-11-15,44,5,2,18,5,44,27
2022-11-15,40,2,3,,28,40,31
2022-11-15,37,2,2,18,13,37,18
2022-11-15,37,0,2,10,0,37,16
2022-11-15,122,5,5,56,22,122,94
2022-11-15,140,8,5,66,30,140,100
2022-11-15,104,12,7,69,60,84,104
2022-11-15,103,15,7,68,57,,103
2022-11-15,122,10,6,71,35,122,100
2022-11-15,97,10,5,,30,97,
2022-11-15,122,10,6,72,37,122,88
2022-11-15,100,8,5,73,27,100,96
2022-11-15,131,52,9,75,62,100,131
2022-11-15,102,8,9,64,54,,102
2022-11-15,100,12,7,56,57,100,99
2022-11-15,112,10,5,70,32,112,100
2022-11-15,112,5,3,53,22,112,88
2022-11-15,101,8,9,60,53,101,96
2022-11-15,108,5,7,63,45,108,88
2022-11-15,108,5,5,53,33,108,84
2022-11-15,112,8,6,67,37,112,79
2022-11-15,118,18,5,62,32,118,81
2022-11-15,61,12,5,48,25,,61
2022-11-15,101,5,5,60,27,101,79
2022-11-15,108,15,5,79,28,108,91
2022-11-15,87,8,5,72,28,61,87
2022-11-15,97,8,5,63,30,97,80
2022-11-15,100,8,5,44,38,100,63
2022-11-15,71,8,5,61,30,64,71
2022-11-15,56,12,5,41,35,,56
2022-11-15,64,12,5,46,40,58,64
2022-11-15,69,8,6,48,52,51,69
2022-11-15,71,8,7,44,52,71,66
2022-11-15,72,8,7,55,42,58,72
2022-11-15,59,15,6,43,56,47,59
2022-11-15,65,2,5,37,32,43,65
2022-11-15,58,2,3,30,18,58,52
2022-11-15,47,10,3,31,30,41,47
2022-11-15,33,5,3,27,33,,31
2022-11-15,42,5,3,25,28,42,35
2022-11-15,46,2,3,26,32,46,46
2022-11-15,45,2,3,27,43,45,41
2022-11-15,44,2,3,22,32,44,28
2022-11-15,43,5,5,26,43,38,40
2022-11-15,45,10,2,31,45,41,40
2022-11-15,52,5,3,29,52,37,34
2022-11-15,49,5,5,28,35,44,49
2022-11-15,54,2,14,35,54,,53
2022-11-15,50,2,3,32,50,40,31
2022-11-15,46,2,3,27,43,40,46
2022-11-15,51,5,6,25,51,39,44
2022-11-15,51,2,7,32,51,36,44
2022-11-15,44,2,3,26,35,44,40
2022-11-15,42,5,2,18,13,42,31
2022-11-15,39,2,2,24,27,39,33
2022-11-15,56,2,5,26,56,44,42
2022-11-15,44,2,3,28,40,44,41
2022-11-15,50,5,5,27,50,44,42
2022-11-15,53,10,5,29,53,48,38
2022-11-15,46,2,3,23,40,46,34
2022-11-15,44,2,2,30,10,44,35
2022-11-15,43,5,3,25,43,39,36
2022-11-15,40,5,3,23,38,40,33
2022-11-14,71,5,3,36,27,71,46
2022-11-14,74,0,2,44,3,74,42
2022-11-14,56,12,6,47,28,,56
2022-11-14,35,0,2,14,8,35,16
2022-11-14,54,0,2,30,5,54,42
2022-11-14,84,5,3,37,20,84,48
2022-11-14,51,2,3,43,10,37,51
2022-11-14,80,2,5,30,27,80,49
2022-11-14,95,5,8,58,51,,95
2022-11-14,40,2,5,26,32,,40
2022-11-14,101,5,5,45,32,101,71
2022-11-14,56,2,12,35,56,,40
2022-11-14,61,2,12,32,61,,37
2022-11-14,35,2,5,28,32,35,28
2022-11-14,36,5,3,23,20,36,35
2022-11-14,47,5,2,15,2,47,17
2022-11-14,40,2,3,22,22,40,34
2022-11-14,37,0,2,18,10,37,20
2022-11-14,38,0,2,12,0,38,17
2022-11-14,97,8,3,48,23,97,87
2022-11-14,88,8,5,56,33,80,88
2022-11-14,102,8,6,60,57,58,102
2022-11-14,102,10,6,60,48,,102
2022-11-14,90,2,5,55,37,58,90
2022-11-14,38,5,6,,30,38,
2022-11-14,84,2,5,63,37,77,84
2022-11-14,97,8,5,71,32,97,95
2022-11-14,113,42,8,64,54,37,113
2022-11-14,93,8,8,57,50,,93
2022-11-14,98,5,6,53,47,67,98
2022-11-14,97,5,5,65,35,74,97
2022-11-14,67,5,3,35,13,67,67
2022-11-14,106,2,9,60,48,67,106
2022-11-14,104,5,5,66,35,71,104
2022-11-14,94,5,3,53,28,64,94
2022-11-14,81,5,5,61,27,80,81
2022-11-14,85,22,6,62,35,64,85
2022-11-14,53,8,3,42,27,,53
2022-11-14,68,5,5,54,17,67,68
2022-11-14,73,8,3,60,17,71,73
2022-11-14,70,10,3,56,23,51,70
2022-11-14,76,10,5,58,32,71,76
2022-11-14,74,2,6,39,40,74,59
2022-11-14,61,12,3,54,25,61,55
2022-11-14,56,18,5,46,32,,56
2022-11-14,58,2,5,38,37,58,53
2022-11-14,64,2,5,38,50,64,55
2022-11-14,74,5,5,35,52,74,52
2022-11-14,71,2,7,52,53,71,61
2022-11-14,54,2,3,36,33,54,46
2022-11-14,52,12,5,32,45,41,52
2022-11-14,71,0,3,24,20,71,41
2022-11-14,49,8,3,31,38,49,44
2022-11-14,43,8,5,24,43,,27
2022-11-14,40,2,5,27,35,40,38
2022-11-14,42,2,3,19,23,42,34
2022-11-14,42,2,3,27,28,42,40
2022-11-14,38,5,3,23,30,38,23
2022-11-14,41,2,5,25,37,41,39
2022-11-14,45,5,2,39,18,45,44
2022-11-14,37,12,3,33,33,37,36
2022-11-14,44,2,5,28,27,33,44
2022-11-14,51,5,6,38,47,,51
2022-11-14,38,2,3,37,38,34,32
2022-11-14,45,2,3,26,33,35,45
2022-11-14,41,2,3,26,38,37,41
2022-11-14,48,2,5,28,48,34,37
2022-11-14,44,2,2,23,17,44,35
2022-11-14,42,2,3,18,28,42,33
2022-11-14,42,2,2,26,20,42,31
2022-11-14,44,5,3,24,23,44,38
2022-11-14,42,2,3,34,20,42,38
2022-11-14,38,2,5,26,33,37,38
2022-11-14,41,5,3,25,25,41,27
2022-11-14,41,0,3,22,22,41,29
2022-11-14,66,0,2,66,15,49,49
2022-11-14,43,2,2,26,23,43,34
2022-11-14,44,2,3,28,30,44,42
2022-11-13,62,8,2,34,20,44,62
2022-11-13,64,2,2,28,27,64,33
2022-11-13,72,8,2,43,20,,72
2022-11-13,22,0,1,15,8,22,13
2022-11-13,45,0,2,14,5,45,31
2022-11-13,58,15,3,33,37,40,58
2022-11-13,45,2,6,26,32,37,45
2022-11-13,61,2,3,23,18,61,45
2022-11-13,111,8,7,58,42,,111
2022-11-13,37,2,5,20,20,,37
2022-11-13,93,5,3,39,25,93,76
2022-11-13,61,5,9,35,43,,61
2022-11-13,43,2,11,24,23,,43
2022-11-13,39,5,2,20,8,39,17
2022-11-13,44,5,2,21,12,44,30
2022-11-13,46,2,2,10,2,46,11
2022-11-13,38,2,2,15,7,38,21
2022-11-13,30,0,1,16,8,30,12
2022-11-13,26,0,0,5,0,26,6
2022-11-13,93,8,3,36,15,93,73
2022-11-13,93,5,5,54,23,80,93
2022-11-13,109,8,6,56,51,64,109
2022-11-13,112,8,7,60,45,,112
2022-11-13,121,2,6,67,37,71,121
2022-11-13,113,5,6,61,37,67,113
2022-11-13,103,5,5,60,38,54,103
2022-11-13,93,5,3,60,25,84,93
2022-11-13,108,5,6,52,38,100,108
2022-11-13,119,10,8,59,48,,119
2022-11-13,119,8,5,55,33,54,119
2022-11-13,115,2,5,62,27,51,115
2022-11-13,77,2,3,39,13,51,77
2022-11-13,104,2,6,49,42,46,104
2022-11-13,93,5,3,50,15,48,93
2022-11-13,95,5,3,46,22,47,95
2022-11-13,77,5,3,48,20,61,77
2022-11-13,96,18,5,58,35,58,96
2022-11-13,71,8,2,38,33,,71
2022-11-13,84,5,3,52,18,50,84
2022-11-13,84,5,3,57,17,51,84
2022-11-13,89,5,3,56,20,42,89
2022-11-13,81,8,5,51,28,74,81
2022-11-13,71,2,3,36,33,71,62
2022-11-13,74,10,3,57,20,42,74
2022-11-13,74,20,7,48,42,,74
2022-11-13,70,2,5,40,43,44,70
2022-11-13,60,2,7,32,33,45,60
2022-11-13,55,2,7,30,40,47,55
2022-11-13,50,2,5,35,42,47,50
2022-11-13,57,2,5,34,38,40,57
2022-11-13,47,8,3,23,17,33,47
2022-11-13,44,2,2,19,13,44,38
2022-11-13,52,5,2,27,22,33,52
2022-11-13,52,8,3,32,22,,52
2022-11-13,52,5,3,28,33,31,52
2022-11-13,35,2,2,16,12,35,35
2022-11-13,64,5,5,32,32,38,64
2022-11-13,37,2,3,19,25,37,33
2022-11-13,60,2,6,27,38,38,60
2022-11-13,47,15,3,27,22,47,44
2022-11-13,41,10,5,29,37,41,40
2022-11-13,60,5,6,28,35,38,60
2022-11-13,50,2,10,31,40,,50
2022-11-13,38,5,3,28,22,38,29
2022-11-13,39,2,3,19,17,39,36
2022-11-13,38,5,5,21,35,37,38
2022-11-13,37,2,5,23,28,37,36
2022-11-13,45,2,3,20,33,45,37
2022-11-13,30,2,3,14,30,29,29
2022-11-13,41,2,5,19,32,41,38
2022-11-13,42,2,5,21,37,42,42
2022-11-13,43,5,5,28,30,43,42
2022-11-13,36,5,5,22,35,35,36
2022-11-13,42,5,5,24,25,42,33
2022-11-13,37,2,3,17,15,37,24
2022-11-13,45,2,3,34,13,45,35
2022-11-13,40,2,3,21,17,40,31
2022-11-13,43,8,3,23,28,43,37
2022-11-12,67,2,2,34,12,39,67
2022-11-12,32,2,2,19,28,32,27
2022-11-12,80,2,3,45,13,,80
2022-11-12,17,0,1,15,8,17,14
2022-11-12,41,0,1,12,7,41,25
2022-11-12,47,8,3,31,47,38,43
2022-11-12,46,20,5,22,22,35,46
2022-11-12,84,5,5,38,20,84,71
2022-11-12,103,10,7,55,64,,103
2022-11-12,53,5,11,21,53,,45
2022-11-12,91,5,5,48,35,90,91
2022-11-12,70,2,10,36,53,,70
2022-11-12,38,2,12,20,23,,38
2022-11-12,27,5,3,20,22,27,18
2022-11-12,26,8,1,13,12,26,16
2022-11-12,64,10,3,,12,64,33
2022-11-12,26,5,2,16,13,23,26
2022-11-12,21,2,1,16,12,21,14
2022-11-12,25,0,1,6,2,25,9
2022-11-12,84,5,2,32,17,84,67
2022-11-12,71,5,3,44,35,45,71
2022-11-12,102,8,6,55,63,46,102
2022-11-12,104,10,7,60,63,,104
2022-11-12,121,2,6,65,47,71,121
2022-11-12,117,5,5,65,32,87,117
2022-11-12,89,8,5,54,35,46,89
2022-11-12,84,8,3,59,35,71,84
2022-11-12,92,2,5,45,27,50,92
2022-11-12,104,18,7,57,50,,104
2022-11-12,110,8,5,56,45,44,110
2022-11-12,105,2,5,58,37,48,105
2022-11-12,62,5,3,32,17,48,62
2022-11-12,117,2,8,56,47,49,117
2022-11-12,115,0,5,64,22,51,115
2022-11-12,114,2,3,56,25,54,114
2022-11-12,103,5,3,66,25,54,103
2022-11-12,101,10,5,62,33,67,101
2022-11-12,81,10,2,42,18,,81
2022-11-12,102,5,2,57,12,51,102
2022-11-12,113,2,2,70,10,54,113
2022-11-12,135,5,3,74,18,43,135
2022-11-12,116,10,5,75,33,71,116
2022-11-12,80,2,5,46,37,74,80
2022-11-12,107,8,3,63,22,40,107
2022-11-12,84,8,5,47,28,,84
2022-11-12,82,8,5,49,30,38,82
2022-11-12,89,2,5,50,40,41,89
2022-11-12,83,0,6,48,43,43,83
2022-11-12,90,2,5,58,45,49,90
2022-11-12,70,2,3,34,32,33,70
2022-11-12,77,8,5,37,27,28,77
2022-11-12,49,2,2,23,13,39,49
2022-11-12,58,5,2,31,23,28,58
2022-11-12,55,8,3,30,38,,55
2022-11-12,66,2,5,33,42,28,66
2022-11-12,65,2,3,29,33,36,65
2022-11-12,70,2,3,29,35,30,70
2022-11-12,58,2,5,27,42,31,58
2022-11-12,66,5,5,29,52,26,66
2022-11-12,37,20,1,19,23,26,37
2022-11-12,40,12,3,21,40,22,40
2022-11-12,66,10,5,30,43,29,66
2022-11-12,51,5,11,26,51,,45
2022-11-12,38,5,5,25,38,35,22
2022-11-12,43,2,5,20,32,38,43
2022-11-12,38,5,6,16,37,32,38
2022-11-12,40,2,6,25,40,31,39
2022-11-12,43,5,5,21,43,31,42
2022-11-12,42,5,3,15,42,23,41
2022-11-12,39,5,3,16,38,29,39
2022-11-12,42,5,5,19,42,37,42
2022-11-12,45,2,5,25,45,31,45
2022-11-12,41,5,6,19,40,36,41
2022-11-12,45,2,6,24,45,39,38
2022-11-12,44,5,3,18,28,44,30
2022-11-12,27,2,2,23,17,27,27
2022-11-12,26,8,3,16,25,26,20
2022-11-12,30,2,3,18,30,21,28
2022-11-11,72,2,2,41,10,51,72
2022-11-11,31,0,0,16,3,31,9
2022-11-11,71,2,2,47,17,,71
2022-11-11,16,5,1,15,7,16,12
2022-11-11,33,0,1,18,8,33,25
2022-11-11,51,8,3,28,51,42,34
2022-11-11,27,2,1,11,27,27,18
2022-11-11,80,2,5,44,28,80,78
2022-11-11,77,2,8,44,48,,77
2022-11-11,37,2,9,11,37,,21
2022-11-11,97,5,3,50,35,97,84
2022-11-11,52,5,12,22,52,,35
2022-11-11,16,2,16,10,15,,16
2022-11-11,28,5,2,17,28,19,8
2022-11-11,25,2,2,9,17,25,11
2022-11-11,23,5,1,8,7,23,7
2022-11-11,27,2,3,12,17,27,15
2022-11-11,21,0,2,13,13,21,8
2022-11-11,22,0,1,6,2,22,4
2022-11-11,87,2,2,38,27,87,69
2022-11-11,73,8,5,52,40,48,73
2022-11-11,84,5,6,53,55,38,84
2022-11-11,85,5,7,51,51,,85
2022-11-11,92,5,5,53,38,49,92
2022-11-11,85,8,3,51,33,54,85
2022-11-11,84,5,3,63,35,47,84
2022-11-11,63,5,3,51,35,40,63
2022-11-11,83,8,5,49,50,50,83
2022-11-11,93,10,9,57,56,,93
2022-11-11,98,5,5,51,40,44,98
2022-11-11,92,5,3,59,33,45,92
2022-11-11,67,0,2,34,18,67,61
2022-11-11,84,2,8,45,47,47,84
2022-11-11,84,2,3,52,32,51,84
2022-11-11,98,5,3,51,25,54,98
2022-11-11,98,5,3,64,27,71,98
2022-11-11,99,12,5,67,28,80,99
2022-11-11,63,12,2,39,28,,63
2022-11-11,82,8,2,54,20,67,82
2022-11-11,94,2,2,67,13,74,94
2022-11-11,103,5,2,64,12,61,103
2022-11-11,105,8,3,70,27,101,105
2022-11-11,90,2,5,51,35,90,82
2022-11-11,102,10,2,70,27,58,102
2022-11-11,84,5,3,55,17,,84
2022-11-11,91,8,5,59,27,43,91
2022-11-11,96,2,3,59,35,54,96
2022-11-11,88,2,5,52,33,61,88
2022-11-11,85,5,5,56,33,74,85
2022-11-11,79,2,3,47,37,44,79
2022-11-11,82,8,5,48,23,38,82
2022-11-11,70,2,3,35,13,51,70
2022-11-11,62,5,5,34,28,39,62
2022-11-11,37,10,3,25,27,,37
2022-11-11,38,5,3,23,38,31,34
2022-11-11,56,2,3,27,35,44,56
2022-11-11,42,5,3,19,37,24,42
2022-11-11,55,2,5,19,55,40,30
2022-11-11,51,5,6,18,51,19,38
2022-11-11,33,18,1,18,32,23,33
2022-11-11,45,28,5,23,45,18,34
2022-11-11,54,12,7,19,54,21,33
2022-11-11,51,10,10,23,51,,34
2022-11-11,32,5,5,18,32,13,10
2022-11-11,33,2,5,12,33,14,22
2022-11-11,40,5,5,9,40,14,18
2022-11-11,35,10,6,9,35,13,15
2022-11-11,28,5,2,9,28,20,14
2022-11-11,45,2,3,11,45,19,17
2022-11-11,35,0,3,9,35,27,18
2022-11-11,32,8,5,11,32,19,20
2022-11-11,40,2,5,16,40,22,21
2022-11-11,47,2,7,12,47,20,17
2022-11-11,37,2,5,12,37,28,11
2022-11-11,35,0,3,8,35,19,6
2022-11-11,24,0,2,24,20,23,20
2022-11-11,30,5,3,12,30,13,12
2022-11-11,25,2,5,13,25,20,18
2022-11-10,53,2,1,37,23,40,53
2022-11-10,31,0,0,14,7,31,8
2022-11-10,53,2,2,47,22,,53
2022-11-10,18,0,1,18,8,17,10
2022-11-10,45,2,1,31,8,45,44
2022-11-10,50,10,3,37,50,44,44
2022-11-10,54,8,2,27,18,40,54
2022-11-10,112,5,5,37,22,112,64
2022-11-10,77,8,8,53,52,,77
2022-11-10,28,2,8,9,28,,14
2022-11-10,115,5,3,45,30,115,73
2022-11-10,51,2,11,23,51,,27
2022-11-10,17,2,14,11,17,,12
2022-11-10,30,2,3,14,30,20,5
2022-11-10,23,8,2,9,17,23,10
2022-11-10,24,5,1,4,2,24,2
2022-11-10,22,2,2,11,15,22,13
2022-11-10,21,0,1,16,10,21,6
2022-11-10,24,0,1,3,0,24,3
2022-11-10,112,5,2,42,22,112,70
2022-11-10,97,5,5,54,30,97,71
2022-11-10,85,12,5,58,81,47,85
2022-11-10,87,10,7,55,55,,87
2022-11-10,87,5,5,56,52,87,83
2022-11-10,75,5,5,55,42,74,75
2022-11-10,87,8,5,63,40,87,73
2022-11-10,77,5,3,56,28,77,64
2022-11-10,118,8,3,47,32,118,75
2022-11-10,87,8,9,58,55,,87
2022-11-10,89,5,5,55,50,54,89
2022-11-10,85,5,3,61,38,77,85
2022-11-10,74,2,3,41,18,74,69
2022-11-10,78,5,8,49,47,67,78
2022-11-10,77,2,3,52,45,64,77
2022-11-10,80,8,2,40,27,80,69
2022-11-10,80,2,3,54,23,80,68
2022-11-10,81,8,3,56,28,67,81
2022-11-10,54,10,2,43,23,,54
2022-11-10,66,5,3,48,18,61,66
2022-11-10,75,2,3,61,22,64,75
2022-11-10,80,8,3,59,20,44,80
2022-11-10,88,12,3,66,30,87,88
2022-11-10,108,5,5,52,30,108,77
2022-11-10,68,12,3,58,23,44,68
2022-11-10,59,10,5,51,28,,59
2022-11-10,73,20,6,55,40,43,73
2022-11-10,69,5,5,47,50,50,69
2022-11-10,62,8,6,43,43,61,62
2022-11-10,67,8,6,53,40,67,67
2022-11-10,60,8,5,45,51,44,60
2022-11-10,73,5,3,44,47,34,73
2022-11-10,93,5,3,47,25,93,83
2022-11-10,60,8,5,35,28,46,60
2022-11-10,40,8,5,30,32,,40
2022-11-10,39,5,3,23,38,36,39
2022-11-10,46,5,2,20,22,46,39
2022-11-10,48,8,5,24,48,31,46
2022-11-10,33,0,2,10,33,25,8
2022-11-10,32,2,5,12,32,17,22
2022-11-10,33,20,3,21,33,22,28
2022-11-10,37,5,3,17,37,20,17
2022-11-10,35,15,5,12,35,21,27
2022-11-10,40,5,10,20,40,,32
2022-11-10,33,5,2,17,33,17,5
