monitordate,so2subindex,cosubindex,pm10subindex,no2subindex,o38subindex,pm25subindex,aqi
2022-11-22,2,2,23~44,17,50,34~67,Good
2022-11-22,2,1,23~44,10,43,0~33,Very Good
2022-11-22,5,3,45~65,20,49.07818,34~67,Good
2022-11-22,0,1,1~22,12,21,0~33,Very Good
2022-11-22,0,3,23~44,8,50,34~67,Good
2022-11-22,10,3,23~44,42,29,34~67,Good
2022-11-22,20,7,23~44,33,42,68~101,Good
2022-11-22,5,6,23~44,27,40,68~101,Good
2022-11-22,10,12,45~65,57,49.07818,68~101,Fair
2022-11-22,2,15,1~22,58,49.07818,34~67,Good
2022-11-22,5,6,66~87,45,48,102~135,Poor
2022-11-22,50,15,23~44,56,49.07818,34~67,Good
2022-11-22,5,12,23~44,63,49.07818,34~67,Good
2022-11-22,2,3,1~22,30,21,0~33,Very Good
2022-11-22,2,3,1~22,23,31,0~33,Very Good
2022-11-22,2,2,1~22,13,46,34~67,Very Good
2022-11-22,0,2,1~22,22,27,0~33,Very Good
2022-11-22,0,3,1~22,20,22,0~33,Very Good
2022-11-22,2,1,1~22,2,31,0~33,Very Good
2022-11-22,28,7,45~65,37,132,102~135,Poor
2022-11-22,5,6,45~65,42,77,68~101,Fair
2022-11-22,10,7,45~65,62,44,68~101,Fair
2022-11-22,10,8,45~65,56,49.07818,68~101,Fair
2022-11-22,10,7,66~87,48,43,68~101,Fair
2022-11-22,12,6,23~44,55,49,68~101,Fair
2022-11-22,5,6,66~87,48,49,68~101,Fair
2022-11-22,15,5,45~65,40,58,68~101,Good
2022-11-22,20,6,45~65,53,50,68~101,Fair
2022-11-22,8,9,45~65,56,49.07818,102~135,Fair
2022-11-22,12,6,45~65,52,47,102~135,Fair
2022-11-22,8,6,66~87,48,44,102~135,Fair
2022-11-22,5,3,23~44,17,44,68~101,Good
2022-11-22,5,10,45~65,51,41,68~101,Fair
2022-11-22,5,6,66~87,32,46,68~101,Fair
2022-11-22,5,5,45~65,27,44,68~101,Fair
2022-11-22,2,6,66~87,30,49,68~101,Fair
2022-11-22,18,7,66~87,38,46,102~135,Fair
2022-11-22,10,3,45~65,35,49.07818,34~67,Good
2022-11-22,5,5,66~87,23,45,68~101,Fair
2022-11-22,5,6,66~87,25,45,68~101,Fair
2022-11-22,5,6,66~87,32,40,102~135,Fair
2022-11-22,5,5,66~87,32,46,102~135,Poor
2022-11-22,2,6,66~87,51,44,102~135,Poor
2022-11-22,8,6,66~87,30,41,68~101,Fair
2022-11-22,12,6,45~65,37,49.07818,68~101,Good
2022-11-22,15,6,66~87,45,32,68~101,Fair
2022-11-22,5,7,66~87,51,38,102~135,Fair
2022-11-22,5,7,45~65,47,37,68~101,Fair
2022-11-22,5,7,66~87,51,41,68~101,Fair
2022-11-22,8,6,45~65,45,38,68~101,Good
2022-11-22,2,6,45~65,38,27,68~101,Fair
2022-11-22,5,3,23~44,30,40,68~101,Good
2022-11-22,5,5,45~65,28,40,68~101,Good
2022-11-22,8,5,23~44,40,49.07818,34~67,Good
2022-11-22,10,5,23~44,42,31,34~67,Good
2022-11-22,2,3,23~44,30,38,34~67,Good
2022-11-22,5,3,23~44,35,36,34~67,Very Good
2022-11-22,15,5,23~44,40,37,34~67,Very Good
2022-11-22,74,3,23~44,42,34,34~67,Good
2022-11-22,2,2,1~22,25,36,0~33,Very Good
2022-11-22,5,3,23~44,48,33,0~33,Very Good
2022-11-22,15,5,23~44,35,38,34~67,Very Good
2022-11-22,5,11,23~44,53,49.07818,34~67,Good
2022-11-22,2,6,23~44,52,31,0~33,Good
2022-11-22,2,7,23~44,58,37,34~67,Good
2022-11-22,2,8,1~22,55,32,34~67,Good
2022-11-22,5,8,23~44,57,27,34~67,Good
2022-11-22,8,3,1~22,40,34,0~33,Very Good
2022-11-22,2,2,1~22,23,34,0~33,Very Good
2022-11-22,5,3,1~22,37,37,0~33,Very Good
2022-11-22,5,5,1~22,50,35,34~67,Good
2022-11-22,2,3,23~44,42,38,34~67,Very Good
2022-11-22,5,7,23~44,48,40,34~67,Very Good
2022-11-22,8,7,23~44,48,44,34~67,Very Good
2022-11-22,2,6,1~22,45,44,0~33,Very Good
2022-11-22,2,3,23~44,30,34,0~33,Very Good
2022-11-22,5,6,1~22,55,37,34~67,Good
2022-11-22,8,5,1~22,48,30,0~33,Very Good
2022-11-21,2,2,23~44,17,61,34~67,Good
2022-11-21,0,2,23~44,5,50,0~33,Good
2022-11-21,2,3,23~44,13,49.07818,34~67,Good
2022-11-21,0,1,1~22,8,30,0~33,Very Good
2022-11-21,0,2,23~44,7,64,34~67,Good
2022-11-21,18,3,23~44,45,74,34~67,Good
2022-11-21,2,3,23~44,10,77,34~67,Good
2022-11-21,5,5,23~44,17,80,68~101,Good
2022-11-21,5,7,23~44,33,49.07818,34~67,Good
2022-11-21,0,6,1~22,40,49.07818,0~33,Very Good
2022-11-21,2,5,45~65,27,84,68~101,Fair
2022-11-21,2,12,1~22,54,49.07818,0~33,Good
2022-11-21,2,10,1~22,52,49.07818,0~33,Good
2022-11-21,5,5,1~22,47,21,0~33,Very Good
2022-11-21,2,3,1~22,27,31,0~33,Very Good
2022-11-21,5,2,1~22,3,41,34~67,Very Good
2022-11-21,0,3,1~22,23,32,0~33,Very Good
2022-11-21,0,2,1~22,12,30,0~33,Very Good
2022-11-21,0,1,1~22,0,33,0~33,Very Good
2022-11-21,5,3,45~65,20,64,68~101,Good
2022-11-21,8,5,45~65,28,58,68~101,Good
2022-11-21,8,5,23~44,50,35,68~101,Good
2022-11-21,5,6,23~44,37,49.07818,68~101,Good
2022-11-21,5,5,45~65,33,50,68~101,Good
2022-11-21,5,3,23~44,33,49,68~101,Good
2022-11-21,5,5,45~65,35,48,34~67,Good
2022-11-21,8,3,45~65,38,45,34~67,Good
2022-11-21,20,6,45~65,45,43,68~101,Good
2022-11-21,10,9,45~65,48,49.07818,68~101,Good
2022-11-21,8,5,23~44,37,43,68~101,Good
2022-11-21,5,5,45~65,35,46,68~101,Good
2022-11-21,2,3,23~44,18,50,68~101,Good
2022-11-21,2,9,23~44,40,47,34~67,Good
2022-11-21,2,5,45~65,25,51,34~67,Good
2022-11-21,2,3,23~44,27,48,34~67,Good
2022-11-21,5,5,45~65,25,64,34~67,Good
2022-11-21,8,5,45~65,25,67,68~101,Good
2022-11-21,8,3,23~44,17,49.07818,34~67,Good
2022-11-21,8,3,45~65,22,54,34~67,Good
2022-11-21,5,3,45~65,23,64,68~101,Good
2022-11-21,5,3,45~65,12,47,68~101,Good
2022-11-21,5,5,66~87,22,77,68~101,Fair
2022-11-21,12,7,45~65,52,77,68~101,Fair
2022-11-21,12,3,45~65,18,51,34~67,Good
2022-11-21,18,5,45~65,32,49.07818,34~67,Good
2022-11-21,18,6,45~65,51,39,68~101,Good
2022-11-21,2,5,45~65,55,64,68~101,Good
2022-11-21,2,7,45~65,56,67,34~67,Good
2022-11-21,8,6,45~65,53,61,68~101,Good
2022-11-21,2,5,23~44,52,50,34~67,Good
2022-11-21,5,5,23~44,30,42,34~67,Good
2022-11-21,2,3,23~44,18,54,34~67,Good
2022-11-21,2,5,23~44,35,42,34~67,Very Good
2022-11-21,5,5,1~22,47,49.07818,0~33,Very Good
2022-11-21,2,3,1~22,32,39,0~33,Very Good
2022-11-21,2,3,1~22,22,39,0~33,Very Good
2022-11-21,2,3,1~22,25,38,0~33,Very Good
2022-11-21,2,3,1~22,28,34,0~33,Very Good
2022-11-21,2,5,1~22,28,36,0~33,Very Good
2022-11-21,15,2,23~44,28,38,34~67,Very Good
2022-11-21,20,3,23~44,43,33,0~33,Very Good
2022-11-21,2,3,1~22,23,33,0~33,Very Good
2022-11-21,2,6,23~44,47,49.07818,34~67,Very Good
2022-11-21,2,3,23~44,40,31,0~33,Very Good
2022-11-21,2,3,1~22,30,31,0~33,Very Good
2022-11-21,2,5,1~22,35,31,0~33,Very Good
2022-11-21,0,6,1~22,42,30,0~33,Very Good
2022-11-21,0,2,1~22,12,38,0~33,Very Good
2022-11-21,2,2,1~22,10,37,0~33,Very Good
2022-11-21,2,3,1~22,30,36,0~33,Very Good
2022-11-21,2,3,1~22,20,34,0~33,Very Good
2022-11-21,0,3,1~22,20,34,0~33,Very Good
2022-11-21,2,5,1~22,32,31,0~33,Very Good
2022-11-21,2,5,1~22,30,33,0~33,Very Good
2022-11-21,5,3,1~22,18,32,0~33,Very Good
2022-11-21,2,2,23~44,10,43,34~67,Very Good
2022-11-21,5,3,1~22,35,32,0~33,Very Good
2022-11-21,0,3,1~22,27,36,0~33,Very Good
2022-11-20,5,1,23~44,13,45,0~33,Very Good
2022-11-20,2,0,23~44,7,47,0~33,Very Good
2022-11-20,5,2,23~44,20,49.07818,34~67,Very Good
2022-11-20,0,1,1~22,3,30,0~33,Very Good
2022-11-20,0,1,23~44,5,46,0~33,Very Good
2022-11-20,8,5,23~44,40,64,34~67,Good
2022-11-20,2,3,1~22,15,36,34~67,Very Good
2022-11-20,5,5,23~44,22,54,34~67,Good
2022-11-20,5,7,45~65,42,49.07818,68~101,Fair
2022-11-20,2,5,1~22,52,49.07818,0~33,Good
2022-11-20,2,3,23~44,23,64,68~101,Good
2022-11-20,2,8,1~22,42,49.07818,0~33,Very Good
2022-11-20,2,10,1~22,52,49.07818,0~33,Good
2022-11-20,0,2,1~22,13,32,0~33,Very Good
2022-11-20,2,2,1~22,17,31,0~33,Very Good
2022-11-20,2,1,1~22,0,41,0~33,Very Good
2022-11-20,0,2,1~22,20,32,0~33,Very Good
2022-11-20,0,1,1~22,7,31,0~33,Very Good
2022-11-20,0,1,1~22,0,27,0~33,Very Good
2022-11-20,8,5,45~65,17,143,102~135,Poor
2022-11-20,8,5,45~65,25,97,68~101,Fair
2022-11-20,10,6,45~65,38,77,102~135,Fair
2022-11-20,8,6,45~65,47,49.07818,68~101,Fair
2022-11-20,5,6,45~65,30,80,102~135,Fair
2022-11-20,5,6,45~65,35,71,68~101,Fair
2022-11-20,2,5,45~65,28,74,68~101,Fair
2022-11-20,5,5,45~65,35,101,68~101,Fair
2022-11-20,10,5,45~65,33,100,102~135,Fair
2022-11-20,8,7,45~65,37,49.07818,102~135,Fair
2022-11-20,5,5,45~65,32,80,102~135,Fair
2022-11-20,2,5,45~65,28,36,68~101,Fair
2022-11-20,5,3,23~44,13,51,68~101,Good
2022-11-20,2,6,45~65,35,50,68~101,Fair
2022-11-20,2,5,45~65,22,51,68~101,Good
2022-11-20,5,3,45~65,22,54,68~101,Good
2022-11-20,5,3,45~65,22,58,34~67,Good
2022-11-20,8,5,45~65,27,50,68~101,Good
2022-11-20,8,2,23~44,20,49.07818,34~67,Very Good
2022-11-20,2,5,45~65,17,45,34~67,Good
2022-11-20,5,3,45~65,18,48,34~67,Good
2022-11-20,8,2,45~65,18,43,34~67,Good
2022-11-20,5,5,45~65,25,58,68~101,Good
2022-11-20,0,5,23~44,35,54,34~67,Good
2022-11-20,10,5,45~65,20,44,34~67,Very Good
2022-11-20,12,3,23~44,30,49.07818,34~67,Very Good
2022-11-20,2,3,23~44,27,43,34~67,Good
2022-11-20,2,3,23~44,45,44,34~67,Good
2022-11-20,2,5,23~44,45,44,34~67,Very Good
2022-11-20,2,5,23~44,40,44,34~67,Very Good
2022-11-20,2,3,23~44,38,43,34~67,Very Good
2022-11-20,8,3,23~44,30,30,34~67,Very Good
2022-11-20,2,2,1~22,15,42,34~67,Very Good
2022-11-20,8,3,23~44,30,38,34~67,Very Good
2022-11-20,5,3,23~44,28,49.07818,0~33,Very Good
2022-11-20,5,2,1~22,32,35,0~33,Very Good
2022-11-20,2,2,1~22,12,35,34~67,Very Good
2022-11-20,2,2,1~22,20,37,0~33,Very Good
2022-11-20,2,2,1~22,22,34,0~33,Very Good
2022-11-20,2,2,1~22,35,34,0~33,Very Good
2022-11-20,15,1,1~22,18,39,0~33,Very Good
2022-11-20,10,1,1~22,33,37,0~33,Very Good
2022-11-20,10,3,1~22,20,33,0~33,Very Good
2022-11-20,5,6,23~44,47,49.07818,0~33,Very Good
2022-11-20,5,2,23~44,28,31,0~33,Very Good
2022-11-20,2,2,1~22,17,33,0~33,Very Good
2022-11-20,2,2,1~22,30,31,0~33,Very Good
2022-11-20,5,3,1~22,28,29,0~33,Very Good
2022-11-20,2,2,1~22,18,37,0~33,Very Good
2022-11-20,2,3,1~22,20,34,0~33,Very Good
2022-11-20,0,1,1~22,15,35,0~33,Very Good
2022-11-20,2,3,1~22,23,35,0~33,Very Good
2022-11-20,2,2,1~22,18,34,0~33,Very Good
2022-11-20,2,3,1~22,30,30,0~33,Very Good
2022-11-20,2,2,1~22,17,34,0~33,Very Good
2022-11-20,0,2,1~22,17,34,0~33,Very Good
2022-11-20,0,2,23~44,18,37,0~33,Very Good
2022-11-20,5,2,1~22,33,35,0~33,Very Good
2022-11-20,2,3,1~22,32,36,0~33,Very Good
2022-11-19,5,3,23~44,23,50,34~67,Good
2022-11-19,0,1,23~44,8,47,0~33,Very Good
2022-11-19,5,3,45~65,22,49.07818,34~67,Good
2022-11-19,2,1,1~22,7,23,0~33,Very Good
2022-11-19,0,1,23~44,7,50,0~33,Good
2022-11-19,20,3,23~44,52,64,34~67,Good
2022-11-19,12,2,23~44,15,44,34~67,Very Good
2022-11-19,5,5,23~44,22,90,34~67,Fair
2022-11-19,32,10,66~87,56,49.07818,102~135,Fair
2022-11-19,2,5,1~22,27,49.07818,0~33,Very Good
2022-11-19,2,3,45~65,25,80,68~101,Good
2022-11-19,2,8,23~44,55,49.07818,34~67,Good
2022-11-19,0,10,1~22,53,49.07818,0~33,Good
2022-11-19,2,2,1~22,17,35,0~33,Very Good
2022-11-19,2,2,1~22,12,37,0~33,Very Good
2022-11-19,2,1,1~22,2,39,0~33,Very Good
2022-11-19,2,2,1~22,12,36,0~33,Very Good
2022-11-19,0,2,1~22,13,31,0~33,Very Good
2022-11-19,0,1,1~22,2,31,0~33,Very Good
2022-11-19,15,5,45~65,20,151,68~101,Poor
2022-11-19,8,6,45~65,45,150,102~135,Poor
2022-11-19,25,7,66~87,72,61,102~135,Fair
2022-11-19,22,8,66~87,58,49.07818,102~135,Fair
2022-11-19,20,8,66~87,47,101,102~135,Poor
2022-11-19,8,6,66~87,38,100,102~135,Fair
2022-11-19,12,6,45~65,35,108,68~101,Fair
2022-11-19,20,6,66~87,45,108,68~101,Fair
2022-11-19,45,8,45~65,63,93,102~135,Fair
2022-11-19,20,9,45~65,47,49.07818,102~135,Fair
2022-11-19,20,6,45~65,45,93,102~135,Fair
2022-11-19,12,5,66~87,25,97,102~135,Fair
2022-11-19,5,3,23~44,15,93,68~101,Fair
2022-11-19,5,8,45~65,42,74,102~135,Fair
2022-11-19,2,5,45~65,20,74,102~135,Fair
2022-11-19,5,3,45~65,22,84,68~101,Fair
2022-11-19,2,5,45~65,22,84,68~101,Fair
2022-11-19,15,5,66~87,30,71,68~101,Fair
2022-11-19,5,3,23~44,18,49.07818,34~67,Good
2022-11-19,5,3,45~65,18,50,68~101,Fair
2022-11-19,8,3,66~87,18,49,68~101,Fair
2022-11-19,5,5,45~65,27,43,68~101,Good
2022-11-19,8,5,66~87,27,67,68~101,Fair
2022-11-19,2,5,45~65,30,80,68~101,Good
2022-11-19,10,3,45~65,20,43,34~67,Good
2022-11-19,12,3,23~44,33,49.07818,34~67,Very Good
2022-11-19,5,5,23~44,38,43,34~67,Good
2022-11-19,2,3,23~44,38,44,34~67,Good
2022-11-19,0,5,23~44,48,44,34~67,Good
2022-11-19,2,6,45~65,38,47,34~67,Good
2022-11-19,2,3,23~44,25,44,34~67,Very Good
2022-11-19,5,2,23~44,18,31,34~67,Very Good
2022-11-19,2,2,23~44,13,43,34~67,Good
2022-11-19,8,3,23~44,35,41,34~67,Very Good
2022-11-19,8,3,23~44,32,49.07818,0~33,Very Good
2022-11-19,2,3,23~44,33,38,0~33,Very Good
2022-11-19,2,2,23~44,23,40,34~67,Very Good
2022-11-19,5,2,1~22,20,41,0~33,Very Good
2022-11-19,5,3,1~22,32,38,0~33,Very Good
2022-11-19,2,3,23~44,38,35,34~67,Very Good
2022-11-19,12,1,23~44,37,43,0~33,Very Good
2022-11-19,10,1,23~44,40,40,0~33,Very Good
2022-11-19,8,5,1~22,30,35,34~67,Very Good
2022-11-19,5,7,23~44,48,49.07818,0~33,Very Good
2022-11-19,5,3,23~44,35,34,0~33,Very Good
2022-11-19,2,2,1~22,23,33,0~33,Very Good
2022-11-19,5,3,1~22,33,32,0~33,Very Good
2022-11-19,2,3,1~22,32,29,0~33,Very Good
2022-11-19,5,2,1~22,13,36,0~33,Very Good
2022-11-19,5,5,1~22,30,37,0~33,Very Good
2022-11-19,2,2,1~22,20,33,0~33,Very Good
2022-11-19,2,3,1~22,22,36,0~33,Very Good
2022-11-19,2,2,1~22,18,35,0~33,Very Good
2022-11-19,2,5,1~22,38,33,0~33,Very Good
2022-11-19,5,3,1~22,25,36,0~33,Very Good
2022-11-19,2,2,1~22,18,35,0~33,Very Good
2022-11-19,0,2,23~44,28,37,0~33,Very Good
2022-11-19,10,3,1~22,43,35,0~33,Very Good
2022-11-19,0,5,1~22,42,31,0~33,Very Good
2022-11-18,10,3,23~44,32,54,34~67,Good
2022-11-18,0,1,23~44,3,50,0~33,Good
2022-11-18,12,5,45~65,30,49.07818,34~67,Good
2022-11-18,2,1,1~22,12,18,0~33,Very Good
2022-11-18,0,2,1~22,5,51,0~33,Good
2022-11-18,5,5,23~44,30,64,34~67,Good
2022-11-18,0,2,1~22,10,50,34~67,Good
2022-11-18,2,5,23~44,30,67,34~67,Good
2022-11-18,10,9,45~65,55,49.07818,68~101,Fair
2022-11-18,2,10,1~22,37,49.07818,0~33,Very Good
2022-11-18,2,3,23~44,28,87,34~67,Fair
2022-11-18,2,9,23~44,54,49.07818,34~67,Good
2022-11-18,5,12,1~22,57,49.07818,0~33,Good
2022-11-18,2,2,1~22,27,31,0~33,Very Good
2022-11-18,0,2,1~22,13,37,0~33,Very Good
2022-11-18,2,2,1~22,2,42,0~33,Very Good
2022-11-18,2,2,1~22,27,36,0~33,Very Good
2022-11-18,0,2,1~22,17,26,0~33,Very Good
2022-11-18,0,1,1~22,0,31,0~33,Very Good
2022-11-18,8,3,23~44,25,101,68~101,Fair
2022-11-18,12,6,45~65,40,126,68~101,Poor
2022-11-18,10,6,45~65,53,93,68~101,Fair
2022-11-18,12,8,45~65,57,49.07818,68~101,Fair
2022-11-18,5,6,45~65,38,112,102~135,Fair
2022-11-18,5,6,45~65,50,104,68~101,Fair
2022-11-18,5,5,66~87,42,122,68~101,Poor
2022-11-18,8,5,66~87,43,143,68~101,Poor
2022-11-18,38,7,45~65,54,80,68~101,Fair
2022-11-18,8,9,45~65,52,49.07818,68~101,Fair
2022-11-18,22,6,45~65,52,97,68~101,Fair
2022-11-18,5,5,45~65,42,104,102~135,Fair
2022-11-18,5,5,45~65,22,100,68~101,Fair
2022-11-18,2,8,45~65,40,45,68~101,Fair
2022-11-18,5,5,45~65,23,54,68~101,Fair
2022-11-18,5,3,45~65,23,61,68~101,Fair
2022-11-18,8,5,66~87,23,61,68~101,Fair
2022-11-18,20,6,66~87,32,61,68~101,Fair
2022-11-18,10,3,23~44,27,49.07818,34~67,Good
2022-11-18,5,5,45~65,28,50,68~101,Good
2022-11-18,8,5,66~87,28,54,68~101,Fair
2022-11-18,8,5,66~87,35,45,68~101,Fair
2022-11-18,8,5,45~65,32,64,68~101,Good
2022-11-18,2,5,23~44,52,54,34~67,Good
2022-11-18,10,6,45~65,33,45,34~67,Good
2022-11-18,12,5,45~65,35,49.07818,34~67,Good
2022-11-18,2,5,45~65,35,44,34~67,Good
2022-11-18,2,3,23~44,32,46,34~67,Good
2022-11-18,2,5,23~44,38,43,34~67,Good
2022-11-18,2,6,45~65,52,47,34~67,Good
2022-11-18,2,3,23~44,30,44,34~67,Good
2022-11-18,2,3,23~44,27,35,34~67,Very Good
2022-11-18,2,3,23~44,23,44,34~67,Good
2022-11-18,8,3,23~44,45,40,34~67,Good
2022-11-18,10,3,23~44,32,49.07818,34~67,Very Good
2022-11-18,5,3,23~44,32,36,34~67,Very Good
2022-11-18,2,2,23~44,20,35,34~67,Very Good
2022-11-18,5,2,23~44,25,38,0~33,Very Good
2022-11-18,5,3,1~22,28,31,0~33,Very Good
2022-11-18,2,5,23~44,38,33,34~67,Very Good
2022-11-18,20,1,23~44,17,43,0~33,Very Good
2022-11-18,28,2,23~44,48,38,0~33,Very Good
2022-11-18,8,3,23~44,33,33,34~67,Very Good
2022-11-18,2,9,23~44,54,49.07818,0~33,Good
2022-11-18,5,3,23~44,47,30,0~33,Very Good
2022-11-18,2,3,1~22,40,30,0~33,Very Good
2022-11-18,10,5,1~22,48,30,0~33,Very Good
2022-11-18,2,6,1~22,45,27,0~33,Very Good
2022-11-18,2,3,1~22,38,37,0~33,Very Good
2022-11-18,0,5,1~22,33,37,0~33,Very Good
2022-11-18,2,2,1~22,22,33,0~33,Very Good
2022-11-18,2,6,1~22,48,33,0~33,Very Good
2022-11-18,2,5,23~44,50,34,0~33,Good
2022-11-18,5,5,1~22,38,31,0~33,Very Good
2022-11-18,5,5,1~22,33,35,0~33,Very Good
2022-11-18,0,3,1~22,22,32,0~33,Very Good
2022-11-18,0,2,23~44,17,40,0~33,Very Good
2022-11-18,8,3,1~22,47,29,0~33,Very Good
2022-11-18,2,3,1~22,35,38,0~33,Very Good
2022-11-17,2,2,23~44,13,61,34~67,Good
2022-11-17,0,2,23~44,22,50,0~33,Good
2022-11-17,2,2,23~44,17,49.07818,34~67,Good
2022-11-17,0,1,1~22,8,24,0~33,Very Good
2022-11-17,0,2,1~22,7,49,0~33,Very Good
2022-11-17,15,3,23~44,33,47,34~67,Very Good
2022-11-17,8,8,1~22,28,42,0~33,Very Good
2022-11-17,2,3,23~44,22,46,34~67,Good
2022-11-17,8,7,45~65,54,49.07818,68~101,Good
2022-11-17,2,12,23~44,61,49.07818,34~67,Good
2022-11-17,2,2,23~44,37,54,34~67,Good
2022-11-17,5,12,23~44,60,49.07818,68~101,Good
2022-11-17,5,14,23~44,59,49.07818,34~67,Good
2022-11-17,5,3,1~22,22,36,0~33,Very Good
2022-11-17,5,3,1~22,17,36,0~33,Very Good
2022-11-17,5,2,1~22,8,38,0~33,Very Good
2022-11-17,8,3,1~22,18,27,0~33,Very Good
2022-11-17,2,2,1~22,20,29,0~33,Very Good
2022-11-17,0,1,1~22,0,30,0~33,Very Good
2022-11-17,12,3,45~65,18,67,68~101,Good
2022-11-17,8,6,45~65,47,67,68~101,Good
2022-11-17,10,5,45~65,56,51,68~101,Good
2022-11-17,10,5,45~65,56,49.07818,68~101,Good
2022-11-17,2,5,45~65,43,74,68~101,Good
2022-11-17,2,5,45~65,25,64,68~101,Good
2022-11-17,2,7,45~65,57,64,68~101,Good
2022-11-17,10,5,45~65,38,71,68~101,Good
2022-11-17,45,6,45~65,58,87,68~101,Fair
2022-11-17,8,9,45~65,57,49.07818,68~101,Fair
2022-11-17,12,5,23~44,48,64,68~101,Good
2022-11-17,2,6,45~65,52,58,68~101,Good
2022-11-17,2,3,23~44,27,54,68~101,Good
2022-11-17,2,8,23~44,40,49,68~101,Good
2022-11-17,2,3,45~65,20,51,68~101,Good
2022-11-17,5,3,23~44,23,58,68~101,Good
2022-11-17,5,3,45~65,22,51,34~67,Good
2022-11-17,15,6,45~65,43,64,68~101,Good
2022-11-17,8,2,23~44,25,49.07818,34~67,Very Good
2022-11-17,2,2,23~44,17,46,34~67,Good
2022-11-17,2,3,45~65,18,34,68~101,Good
2022-11-17,2,2,45~65,20,44,68~101,Good
2022-11-17,8,6,45~65,42,64,68~101,Good
2022-11-17,2,5,23~44,43,49,68~101,Good
2022-11-17,10,3,45~65,25,44,68~101,Good
2022-11-17,12,3,45~65,37,49.07818,34~67,Good
2022-11-17,8,5,45~65,45,36,68~101,Good
2022-11-17,2,5,45~65,47,39,68~101,Good
2022-11-17,5,5,23~44,50,39,68~101,Good
2022-11-17,2,6,45~65,52,40,68~101,Good
2022-11-17,5,5,45~65,48,43,68~101,Good
2022-11-17,8,5,23~44,28,28,34~67,Good
2022-11-17,2,3,23~44,22,40,68~101,Good
2022-11-17,8,5,23~44,42,42,68~101,Good
2022-11-17,8,6,23~44,52,49.07818,34~67,Good
2022-11-17,5,5,23~44,52,40,34~67,Good
2022-11-17,5,5,23~44,38,36,34~67,Good
2022-11-17,5,3,1~22,37,44,34~67,Very Good
2022-11-17,2,6,23~44,58,38,34~67,Good
2022-11-17,5,6,23~44,58,37,34~67,Good
2022-11-17,10,2,1~22,28,44,0~33,Very Good
2022-11-17,5,3,23~44,45,39,34~67,Very Good
2022-11-17,5,7,23~44,50,37,34~67,Good
2022-11-17,5,18,23~44,61,49.07818,34~67,Good
2022-11-17,5,5,23~44,48,37,34~67,Very Good
2022-11-17,2,5,23~44,50,35,34~67,Good
2022-11-17,5,6,23~44,47,30,34~67,Very Good
2022-11-17,2,7,23~44,56,23,34~67,Good
2022-11-17,2,6,23~44,52,36,34~67,Good
2022-11-17,2,6,1~22,30,41,0~33,Very Good
2022-11-17,2,5,23~44,43,36,34~67,Very Good
2022-11-17,5,7,23~44,51,38,34~67,Good
2022-11-17,10,5,23~44,47,35,34~67,Very Good
2022-11-17,2,7,23~44,53,40,34~67,Good
2022-11-17,5,6,23~44,54,44,34~67,Good
2022-11-17,2,5,23~44,52,44,0~33,Good
2022-11-17,2,3,23~44,20,44,0~33,Very Good
2022-11-17,5,6,23~44,45,38,34~67,Very Good
2022-11-17,0,5,23~44,40,39,34~67,Very Good
2022-11-16,5,2,23~44,17,44,0~33,Very Good
2022-11-16,0,1,1~22,2,44,0~33,Very Good
2022-11-16,5,3,23~44,18,49.07818,34~67,Very Good
2022-11-16,0,1,1~22,8,30,0~33,Very Good
2022-11-16,0,2,1~22,5,39,0~33,Very Good
2022-11-16,2,5,1~22,22,36,0~33,Very Good
2022-11-16,2,5,1~22,15,21,34~67,Very Good
2022-11-16,2,5,23~44,25,87,68~101,Fair
2022-11-16,8,8,45~65,57,49.07818,68~101,Fair
2022-11-16,0,7,1~22,37,49.07818,0~33,Very Good
2022-11-16,8,3,45~65,28,84,68~101,Fair
2022-11-16,2,12,1~22,52,49.07818,0~33,Good
2022-11-16,2,14,1~22,55,49.07818,0~33,Good
2022-11-16,0,2,1~22,23,32,0~33,Very Good
2022-11-16,0,2,1~22,15,33,0~33,Very Good
2022-11-16,2,2,1~22,2,39,0~33,Very Good
2022-11-16,2,2,1~22,18,40,0~33,Very Good
2022-11-16,0,2,1~22,17,36,0~33,Very Good
2022-11-16,0,1,1~22,2,34,0~33,Very Good
2022-11-16,10,6,66~87,18,136,102~135,Poor
2022-11-16,5,5,66~87,28,104,68~101,Fair
2022-11-16,8,7,45~65,53,50,102~135,Fair
2022-11-16,10,7,45~65,56,49.07818,68~101,Fair
2022-11-16,5,6,66~87,45,77,102~135,Fair
2022-11-16,5,6,66~87,40,74,68~101,Fair
2022-11-16,5,5,45~65,33,64,68~101,Fair
2022-11-16,12,6,66~87,35,71,68~101,Fair
2022-11-16,10,5,66~87,38,61,102~135,Poor
2022-11-16,12,8,45~65,50,49.07818,102~135,Fair
2022-11-16,5,6,45~65,47,54,102~135,Fair
2022-11-16,5,5,66~87,32,58,68~101,Fair
2022-11-16,5,3,45~65,17,87,68~101,Fair
2022-11-16,5,7,45~65,38,50,68~101,Fair
2022-11-16,5,5,45~65,22,54,68~101,Good
2022-11-16,2,3,45~65,25,54,68~101,Good
2022-11-16,2,5,45~65,20,74,68~101,Good
2022-11-16,12,5,45~65,28,58,68~101,Fair
2022-11-16,8,2,23~44,22,49.07818,34~67,Very Good
2022-11-16,2,3,45~65,13,54,34~67,Good
2022-11-16,5,3,45~65,17,58,68~101,Good
2022-11-16,2,3,45~65,17,44,34~67,Good
2022-11-16,10,5,66~87,33,58,68~101,Fair
2022-11-16,2,5,45~65,43,44,68~101,Good
2022-11-16,8,3,45~65,20,45,34~67,Very Good
2022-11-16,20,3,23~44,45,49.07818,34~67,Very Good
2022-11-16,5,5,23~44,47,45,34~67,Good
2022-11-16,2,6,23~44,53,44,34~67,Good
2022-11-16,2,7,23~44,57,43,34~67,Good
2022-11-16,5,6,45~65,55,48,34~67,Good
2022-11-16,5,6,23~44,51,42,34~67,Good
2022-11-16,5,3,23~44,27,32,34~67,Good
2022-11-16,2,3,23~44,15,40,34~67,Good
2022-11-16,10,3,23~44,37,30,0~33,Very Good
2022-11-16,5,3,1~22,40,49.07818,0~33,Very Good
2022-11-16,2,5,1~22,48,27,0~33,Very Good
2022-11-16,0,3,1~22,23,29,0~33,Very Good
2022-11-16,2,3,1~22,27,31,0~33,Very Good
2022-11-16,2,3,1~22,32,31,0~33,Very Good
2022-11-16,2,5,1~22,37,29,0~33,Very Good
2022-11-16,8,2,1~22,20,33,0~33,Very Good
2022-11-16,12,2,1~22,35,28,0~33,Very Good
2022-11-16,5,5,1~22,28,29,0~33,Very Good
2022-11-16,2,15,1~22,57,49.07818,0~33,Good
2022-11-16,2,3,1~22,47,30,0~33,Very Good
2022-11-16,0,3,1~22,33,31,0~33,Very Good
2022-11-16,2,5,1~22,42,30,0~33,Very Good
2022-11-16,0,5,1~22,42,28,0~33,Very Good
2022-11-16,2,2,1~22,30,32,0~33,Very Good
2022-11-16,2,3,1~22,22,29,0~33,Very Good
2022-11-16,0,3,1~22,38,26,0~33,Very Good
2022-11-16,2,5,1~22,30,29,0~33,Very Good
2022-11-16,0,3,1~22,28,29,0~33,Very Good
2022-11-16,2,6,1~22,43,30,0~33,Very Good
2022-11-16,5,5,1~22,35,32,0~33,Very Good
2022-11-16,2,3,1~22,30,30,0~33,Very Good
2022-11-16,0,2,23~44,20,37,0~33,Very Good
2022-11-16,2,2,1~22,27,30,0~33,Very Good
2022-11-16,0,2,1~22,33,36,0~33,Very Good
2022-11-15,8,3,23~44,33,54,34~67,Good
2022-11-15,0,1,23~44,3,50,0~33,Good
2022-11-15,10,5,45~65,28,49.07818,34~67,Good
2022-11-15,0,2,1~22,10,29,0~33,Very Good
2022-11-15,0,2,23~44,8,48,34~67,Very Good
2022-11-15,5,3,23~44,20,58,34~67,Good
2022-11-15,2,3,1~22,17,21,0~33,Very Good
2022-11-15,5,3,23~44,17,101,34~67,Fair
2022-11-15,12,8,66~87,57,49.07818,68~101,Fair
2022-11-15,5,10,23~44,56,49.07818,34~67,Good
2022-11-15,10,3,45~65,33,101,68~101,Fair
2022-11-15,2,12,23~44,57,49.07818,34~67,Good
2022-11-15,2,14,23~44,62,49.07818,34~67,Good
2022-11-15,2,3,23~44,30,32,0~33,Very Good
2022-11-15,2,2,23~44,10,44,0~33,Very Good
2022-11-15,5,2,1~22,5,44,0~33,Very Good
2022-11-15,2,3,23~44,28,40,0~33,Very Good
2022-11-15,2,2,1~22,13,37,0~33,Very Good
2022-11-15,0,2,1~22,0,37,0~33,Very Good
2022-11-15,5,5,45~65,22,122,68~101,Poor
2022-11-15,8,5,66~87,30,140,68~101,Poor
2022-11-15,12,7,66~87,60,84,102~135,Fair
2022-11-15,15,7,66~87,57,49.07818,102~135,Fair
2022-11-15,10,6,66~87,35,122,68~101,Poor
2022-11-15,10,5,23~44,30,97,34~67,Fair
2022-11-15,10,6,66~87,37,122,68~101,Poor
2022-11-15,8,5,66~87,27,100,68~101,Fair
2022-11-15,52,9,66~87,62,100,102~135,Poor
2022-11-15,8,9,45~65,54,49.07818,102~135,Fair
2022-11-15,12,7,45~65,57,100,68~101,Fair
2022-11-15,10,5,66~87,32,112,68~101,Fair
2022-11-15,5,3,45~65,22,112,68~101,Fair
2022-11-15,8,9,45~65,53,101,68~101,Fair
2022-11-15,5,7,45~65,45,108,68~101,Fair
2022-11-15,5,5,45~65,33,108,68~101,Fair
2022-11-15,8,6,66~87,37,112,68~101,Fair
2022-11-15,18,5,45~65,32,118,68~101,Poor
2022-11-15,12,5,45~65,25,49.07818,34~67,Good
2022-11-15,5,5,45~65,27,101,68~101,Fair
2022-11-15,15,5,66~87,28,108,68~101,Fair
2022-11-15,8,5,66~87,28,61,68~101,Fair
2022-11-15,8,5,45~65,30,97,68~101,Fair
2022-11-15,8,5,23~44,38,100,34~67,Fair
2022-11-15,8,5,45~65,30,64,68~101,Good
2022-11-15,12,5,23~44,35,49.07818,34~67,Good
2022-11-15,12,5,45~65,40,58,34~67,Good
2022-11-15,8,6,45~65,52,51,68~101,Good
2022-11-15,8,7,23~44,52,71,34~67,Good
2022-11-15,8,7,45~65,42,58,68~101,Good
2022-11-15,15,6,23~44,56,47,34~67,Good
2022-11-15,2,5,23~44,32,43,34~67,Good
2022-11-15,2,3,23~44,18,58,34~67,Good
2022-11-15,10,3,23~44,30,41,34~67,Very Good
2022-11-15,5,3,23~44,33,49.07818,0~33,Very Good
2022-11-15,5,3,23~44,28,42,34~67,Very Good
2022-11-15,2,3,23~44,32,46,34~67,Very Good
2022-11-15,2,3,23~44,43,45,34~67,Very Good
2022-11-15,2,3,1~22,32,44,0~33,Very Good
2022-11-15,5,5,23~44,43,38,34~67,Very Good
2022-11-15,10,2,23~44,45,41,34~67,Very Good
2022-11-15,5,3,23~44,52,37,34~67,Good
2022-11-15,5,5,23~44,35,44,34~67,Very Good
2022-11-15,2,14,23~44,54,49.07818,34~67,Good
2022-11-15,2,3,23~44,50,40,0~33,Good
2022-11-15,2,3,23~44,43,40,34~67,Very Good
2022-11-15,5,6,23~44,51,39,34~67,Good
2022-11-15,2,7,23~44,51,36,34~67,Good
2022-11-15,2,3,23~44,35,44,34~67,Very Good
2022-11-15,5,2,1~22,13,42,0~33,Very Good
2022-11-15,2,2,23~44,27,39,0~33,Very Good
2022-11-15,2,5,23~44,56,44,34~67,Good
2022-11-15,2,3,23~44,40,44,34~67,Very Good
2022-11-15,5,5,23~44,50,44,34~67,Good
2022-11-15,10,5,23~44,53,48,34~67,Good
2022-11-15,2,3,23~44,40,46,34~67,Very Good
2022-11-15,2,2,23~44,10,44,34~67,Very Good
2022-11-15,5,3,23~44,43,39,34~67,Very Good
2022-11-15,5,3,23~44,38,40,0~33,Very Good
2022-11-14,5,3,23~44,27,71,34~67,Good
2022-11-14,0,2,23~44,3,74,34~67,Good
2022-11-14,12,6,45~65,28,49.07818,34~67,Good
2022-11-14,0,2,1~22,8,35,0~33,Very Good
2022-11-14,0,2,23~44,5,54,34~67,Good
2022-11-14,5,3,23~44,20,84,34~67,Fair
2022-11-14,2,3,23~44,10,37,34~67,Good
2022-11-14,2,5,23~44,27,80,34~67,Good
2022-11-14,5,8,45~65,51,49.07818,68~101,Fair
2022-11-14,2,5,23~44,32,49.07818,34~67,Very Good
2022-11-14,5,5,45~65,32,101,68~101,Fair
2022-11-14,2,12,23~44,56,49.07818,34~67,Good
2022-11-14,2,12,23~44,61,49.07818,34~67,Good
2022-11-14,2,5,23~44,32,35,0~33,Very Good
2022-11-14,5,3,23~44,20,36,34~67,Very Good
2022-11-14,5,2,1~22,2,47,0~33,Very Good
2022-11-14,2,3,1~22,22,40,34~67,Very Good
2022-11-14,0,2,1~22,10,37,0~33,Very Good
2022-11-14,0,2,1~22,0,38,0~33,Very Good
2022-11-14,8,3,45~65,23,97,68~101,Fair
2022-11-14,8,5,45~65,33,80,68~101,Fair
2022-11-14,8,6,45~65,57,58,102~135,Fair
2022-11-14,10,6,45~65,48,49.07818,102~135,Fair
2022-11-14,2,5,45~65,37,58,68~101,Fair
2022-11-14,5,6,23~44,30,38,34~67,Very Good
2022-11-14,2,5,45~65,37,77,68~101,Fair
2022-11-14,8,5,66~87,32,97,68~101,Fair
2022-11-14,42,8,45~65,54,37,102~135,Fair
2022-11-14,8,8,45~65,50,49.07818,68~101,Fair
2022-11-14,5,6,45~65,47,67,68~101,Fair
2022-11-14,5,5,45~65,35,74,68~101,Fair
2022-11-14,5,3,23~44,13,67,34~67,Good
2022-11-14,2,9,45~65,48,67,102~135,Fair
2022-11-14,5,5,66~87,35,71,102~135,Fair
2022-11-14,5,3,45~65,28,64,68~101,Fair
2022-11-14,5,5,45~65,27,80,68~101,Good
2022-11-14,22,6,45~65,35,64,68~101,Fair
2022-11-14,8,3,23~44,27,49.07818,34~67,Good
2022-11-14,5,5,45~65,17,67,68~101,Good
2022-11-14,8,3,45~65,17,71,68~101,Good
2022-11-14,10,3,45~65,23,51,68~101,Good
2022-11-14,10,5,45~65,32,71,68~101,Good
2022-11-14,2,6,23~44,40,74,34~67,Good
2022-11-14,12,3,45~65,25,61,34~67,Good
2022-11-14,18,5,45~65,32,49.07818,34~67,Good
2022-11-14,2,5,23~44,37,58,34~67,Good
2022-11-14,2,5,23~44,50,64,34~67,Good
2022-11-14,5,5,23~44,52,74,34~67,Good
2022-11-14,2,7,45~65,53,71,34~67,Good
2022-11-14,2,3,23~44,33,54,34~67,Good
2022-11-14,12,5,23~44,45,41,34~67,Good
2022-11-14,0,3,23~44,20,71,34~67,Good
2022-11-14,8,3,23~44,38,49,34~67,Very Good
2022-11-14,8,5,23~44,43,49.07818,0~33,Very Good
2022-11-14,2,5,23~44,35,40,34~67,Very Good
2022-11-14,2,3,1~22,23,42,34~67,Very Good
2022-11-14,2,3,23~44,28,42,34~67,Very Good
2022-11-14,5,3,23~44,30,38,0~33,Very Good
2022-11-14,2,5,23~44,37,41,34~67,Very Good
2022-11-14,5,2,23~44,18,45,34~67,Very Good
2022-11-14,12,3,23~44,33,37,34~67,Very Good
2022-11-14,2,5,23~44,27,33,34~67,Very Good
2022-11-14,5,6,23~44,47,49.07818,34~67,Good
2022-11-14,2,3,23~44,38,34,0~33,Very Good
2022-11-14,2,3,23~44,33,35,34~67,Very Good
2022-11-14,2,3,23~44,38,37,34~67,Very Good
2022-11-14,2,5,23~44,48,34,34~67,Very Good
2022-11-14,2,2,23~44,17,44,34~67,Very Good
2022-11-14,2,3,1~22,28,42,0~33,Very Good
2022-11-14,2,2,23~44,20,42,0~33,Very Good
2022-11-14,5,3,23~44,23,44,34~67,Very Good
2022-11-14,2,3,23~44,20,42,34~67,Very Good
2022-11-14,2,5,23~44,33,37,34~67,Very Good
2022-11-14,5,3,23~44,25,41,0~33,Very Good
2022-11-14,0,3,1~22,22,41,0~33,Very Good
2022-11-14,0,2,66~87,15,49,34~67,Good
2022-11-14,2,2,23~44,23,43,34~67,Very Good
2022-11-14,2,3,23~44,30,44,34~67,Very Good
2022-11-13,8,2,23~44,20,44,34~67,Good
2022-11-13,2,2,23~44,27,64,0~33,Good
2022-11-13,8,2,23~44,20,49.07818,68~101,Good
2022-11-13,0,1,1~22,8,22,0~33,Very Good
2022-11-13,0,2,1~22,5,45,0~33,Very Good
2022-11-13,15,3,23~44,37,40,34~67,Good
2022-11-13,2,6,23~44,32,37,34~67,Very Good
2022-11-13,2,3,23~44,18,61,34~67,Good
2022-11-13,8,7,45~65,42,49.07818,102~135,Fair
2022-11-13,2,5,1~22,20,49.07818,34~67,Very Good
2022-11-13,5,3,23~44,25,93,68~101,Fair
2022-11-13,5,9,23~44,43,49.07818,34~67,Good
2022-11-13,2,11,23~44,23,49.07818,34~67,Very Good
2022-11-13,5,2,1~22,8,39,0~33,Very Good
2022-11-13,5,2,1~22,12,44,0~33,Very Good
2022-11-13,2,2,1~22,2,46,0~33,Very Good
2022-11-13,2,2,1~22,7,38,0~33,Very Good
2022-11-13,0,1,1~22,8,30,0~33,Very Good
2022-11-13,0,0,1~22,0,26,0~33,Very Good
2022-11-13,8,3,23~44,15,93,68~101,Fair
2022-11-13,5,5,45~65,23,80,68~101,Fair
2022-11-13,8,6,45~65,51,64,102~135,Fair
2022-11-13,8,7,45~65,45,49.07818,102~135,Fair
2022-11-13,2,6,66~87,37,71,102~135,Poor
2022-11-13,5,6,45~65,37,67,102~135,Fair
2022-11-13,5,5,45~65,38,54,102~135,Fair
2022-11-13,5,3,45~65,25,84,68~101,Fair
2022-11-13,5,6,45~65,38,100,102~135,Fair
2022-11-13,10,8,45~65,48,49.07818,102~135,Poor
2022-11-13,8,5,45~65,33,54,102~135,Poor
2022-11-13,2,5,45~65,27,51,102~135,Fair
2022-11-13,2,3,23~44,13,51,68~101,Good
2022-11-13,2,6,45~65,42,46,102~135,Fair
2022-11-13,5,3,45~65,15,48,68~101,Fair
2022-11-13,5,3,45~65,22,47,68~101,Fair
2022-11-13,5,3,45~65,20,61,68~101,Good
2022-11-13,18,5,45~65,35,58,68~101,Fair
2022-11-13,8,2,23~44,33,49.07818,68~101,Good
2022-11-13,5,3,45~65,18,50,68~101,Fair
2022-11-13,5,3,45~65,17,51,68~101,Fair
2022-11-13,5,3,45~65,20,42,68~101,Fair
2022-11-13,8,5,45~65,28,74,68~101,Good
2022-11-13,2,3,23~44,33,71,34~67,Good
2022-11-13,10,3,45~65,20,42,68~101,Good
2022-11-13,20,7,45~65,42,49.07818,68~101,Good
2022-11-13,2,5,23~44,43,44,68~101,Good
2022-11-13,2,7,23~44,33,45,34~67,Good
2022-11-13,2,7,23~44,40,47,34~67,Good
2022-11-13,2,5,23~44,42,47,34~67,Good
2022-11-13,2,5,23~44,38,40,34~67,Good
2022-11-13,8,3,23~44,17,33,34~67,Very Good
2022-11-13,2,2,1~22,13,44,34~67,Very Good
2022-11-13,5,2,23~44,22,33,34~67,Good
2022-11-13,8,3,23~44,22,49.07818,34~67,Good
2022-11-13,5,3,23~44,33,31,34~67,Good
2022-11-13,2,2,1~22,12,35,34~67,Very Good
2022-11-13,5,5,23~44,32,38,34~67,Good
2022-11-13,2,3,1~22,25,37,0~33,Very Good
2022-11-13,2,6,23~44,38,38,34~67,Good
2022-11-13,15,3,23~44,22,47,34~67,Very Good
2022-11-13,10,5,23~44,37,41,34~67,Very Good
2022-11-13,5,6,23~44,35,38,34~67,Good
2022-11-13,2,10,23~44,40,49.07818,34~67,Good
2022-11-13,5,3,23~44,22,38,0~33,Very Good
2022-11-13,2,3,1~22,17,39,34~67,Very Good
2022-11-13,5,5,1~22,35,37,34~67,Very Good
2022-11-13,2,5,23~44,28,37,34~67,Very Good
2022-11-13,2,3,1~22,33,45,34~67,Very Good
2022-11-13,2,3,1~22,30,29,0~33,Very Good
2022-11-13,2,5,1~22,32,41,34~67,Very Good
2022-11-13,2,5,1~22,37,42,34~67,Very Good
2022-11-13,5,5,23~44,30,43,34~67,Very Good
2022-11-13,5,5,1~22,35,35,34~67,Very Good
2022-11-13,5,5,23~44,25,42,0~33,Very Good
2022-11-13,2,3,1~22,15,37,0~33,Very Good
2022-11-13,2,3,23~44,13,45,34~67,Very Good
2022-11-13,2,3,1~22,17,40,0~33,Very Good
2022-11-13,8,3,23~44,28,43,34~67,Very Good
2022-11-12,2,2,23~44,12,39,34~67,Good
2022-11-12,2,2,1~22,28,32,0~33,Very Good
2022-11-12,2,3,45~65,13,49.07818,68~101,Good
2022-11-12,0,1,1~22,8,17,0~33,Very Good
2022-11-12,0,1,1~22,7,41,0~33,Very Good
2022-11-12,8,3,23~44,47,38,34~67,Very Good
2022-11-12,20,5,1~22,22,35,34~67,Very Good
2022-11-12,5,5,23~44,20,84,68~101,Fair
2022-11-12,10,7,45~65,64,49.07818,102~135,Fair
2022-11-12,5,11,1~22,53,49.07818,34~67,Good
2022-11-12,5,5,45~65,35,90,68~101,Fair
2022-11-12,2,10,23~44,53,49.07818,68~101,Good
2022-11-12,2,12,1~22,23,49.07818,34~67,Very Good
2022-11-12,5,3,1~22,22,27,0~33,Very Good
2022-11-12,8,1,1~22,12,26,0~33,Very Good
2022-11-12,10,3,23~44,12,64,0~33,Good
2022-11-12,5,2,1~22,13,23,0~33,Very Good
2022-11-12,2,1,1~22,12,21,0~33,Very Good
2022-11-12,0,1,1~22,2,25,0~33,Very Good
2022-11-12,5,2,23~44,17,84,34~67,Fair
2022-11-12,5,3,23~44,35,45,68~101,Good
2022-11-12,8,6,45~65,63,46,102~135,Fair
2022-11-12,10,7,45~65,63,49.07818,102~135,Fair
2022-11-12,2,6,45~65,47,71,102~135,Poor
2022-11-12,5,5,45~65,32,87,102~135,Fair
2022-11-12,8,5,45~65,35,46,68~101,Fair
2022-11-12,8,3,45~65,35,71,68~101,Fair
2022-11-12,2,5,45~65,27,50,68~101,Fair
2022-11-12,18,7,45~65,50,49.07818,102~135,Fair
2022-11-12,8,5,45~65,45,44,102~135,Fair
2022-11-12,2,5,45~65,37,48,102~135,Fair
2022-11-12,5,3,23~44,17,48,34~67,Good
2022-11-12,2,8,45~65,47,49,102~135,Fair
2022-11-12,0,5,45~65,22,51,102~135,Fair
2022-11-12,2,3,45~65,25,54,102~135,Fair
2022-11-12,5,3,66~87,25,54,102~135,Fair
2022-11-12,10,5,45~65,33,67,68~101,Fair
2022-11-12,10,2,23~44,18,49.07818,68~101,Good
2022-11-12,5,2,45~65,12,51,102~135,Fair
2022-11-12,2,2,66~87,10,54,102~135,Fair
2022-11-12,5,3,66~87,18,43,102~135,Poor
2022-11-12,10,5,66~87,33,71,102~135,Fair
2022-11-12,2,5,45~65,37,74,68~101,Good
2022-11-12,8,3,45~65,22,40,102~135,Fair
2022-11-12,8,5,45~65,28,49.07818,68~101,Fair
2022-11-12,8,5,45~65,30,38,68~101,Good
2022-11-12,2,5,45~65,40,41,68~101,Fair
2022-11-12,0,6,45~65,43,43,68~101,Good
2022-11-12,2,5,45~65,45,49,68~101,Fair
2022-11-12,2,3,23~44,32,33,68~101,Good
2022-11-12,8,5,23~44,27,28,68~101,Good
2022-11-12,2,2,23~44,13,39,34~67,Very Good
2022-11-12,5,2,23~44,23,28,34~67,Good
2022-11-12,8,3,23~44,38,49.07818,34~67,Good
2022-11-12,2,5,23~44,42,28,34~67,Good
2022-11-12,2,3,23~44,33,36,34~67,Good
2022-11-12,2,3,23~44,35,30,68~101,Good
2022-11-12,2,5,23~44,42,31,34~67,Good
2022-11-12,5,5,23~44,52,26,34~67,Good
2022-11-12,20,1,1~22,23,26,34~67,Very Good
2022-11-12,12,3,1~22,40,22,34~67,Very Good
2022-11-12,10,5,23~44,43,29,34~67,Good
2022-11-12,5,11,23~44,51,49.07818,34~67,Good
2022-11-12,5,5,23~44,38,35,0~33,Very Good
2022-11-12,2,5,1~22,32,38,34~67,Very Good
2022-11-12,5,6,1~22,37,32,34~67,Very Good
2022-11-12,2,6,23~44,40,31,34~67,Very Good
2022-11-12,5,5,1~22,43,31,34~67,Very Good
2022-11-12,5,3,1~22,42,23,34~67,Very Good
2022-11-12,5,3,1~22,38,29,34~67,Very Good
2022-11-12,5,5,1~22,42,37,34~67,Very Good
2022-11-12,2,5,23~44,45,31,34~67,Very Good
2022-11-12,5,6,1~22,40,36,34~67,Very Good
2022-11-12,2,6,23~44,45,39,34~67,Very Good
2022-11-12,5,3,1~22,28,44,0~33,Very Good
2022-11-12,2,2,23~44,17,27,0~33,Very Good
2022-11-12,8,3,1~22,25,26,0~33,Very Good
2022-11-12,2,3,1~22,30,21,0~33,Very Good
2022-11-11,2,2,23~44,10,51,68~101,Good
2022-11-11,0,0,1~22,3,31,0~33,Very Good
2022-11-11,2,2,45~65,17,49.07818,68~101,Good
2022-11-11,5,1,1~22,7,16,0~33,Very Good
2022-11-11,0,1,1~22,8,33,0~33,Very Good
2022-11-11,8,3,23~44,51,42,34~67,Good
2022-11-11,2,1,1~22,27,27,0~33,Very Good
2022-11-11,2,5,23~44,28,80,68~101,Good
2022-11-11,2,8,23~44,48,49.07818,68~101,Good
2022-11-11,2,9,1~22,37,49.07818,0~33,Very Good
2022-11-11,5,3,45~65,35,97,68~101,Fair
2022-11-11,5,12,1~22,52,49.07818,34~67,Good
2022-11-11,2,16,1~22,15,49.07818,0~33,Very Good
2022-11-11,5,2,1~22,28,19,0~33,Very Good
2022-11-11,2,2,1~22,17,25,0~33,Very Good
2022-11-11,5,1,1~22,7,23,0~33,Very Good
2022-11-11,2,3,1~22,17,27,0~33,Very Good
2022-11-11,0,2,1~22,13,21,0~33,Very Good
2022-11-11,0,1,1~22,2,22,0~33,Very Good
2022-11-11,2,2,23~44,27,87,68~101,Fair
2022-11-11,8,5,45~65,40,48,68~101,Good
2022-11-11,5,6,45~65,55,38,68~101,Fair
2022-11-11,5,7,45~65,51,49.07818,68~101,Fair
2022-11-11,5,5,45~65,38,49,68~101,Fair
2022-11-11,8,3,45~65,33,54,68~101,Fair
2022-11-11,5,3,45~65,35,47,68~101,Fair
2022-11-11,5,3,45~65,35,40,34~67,Good
2022-11-11,8,5,45~65,50,50,68~101,Good
2022-11-11,10,9,45~65,56,49.07818,68~101,Fair
2022-11-11,5,5,45~65,40,44,68~101,Fair
2022-11-11,5,3,45~65,33,45,68~101,Fair
2022-11-11,0,2,23~44,18,67,34~67,Good
2022-11-11,2,8,45~65,47,47,68~101,Fair
2022-11-11,2,3,45~65,32,51,68~101,Fair
2022-11-11,5,3,45~65,25,54,68~101,Fair
2022-11-11,5,3,45~65,27,71,68~101,Fair
2022-11-11,12,5,66~87,28,80,68~101,Fair
2022-11-11,12,2,23~44,28,49.07818,34~67,Good
2022-11-11,8,2,45~65,20,67,68~101,Good
2022-11-11,2,2,66~87,13,74,68~101,Fair
2022-11-11,5,2,45~65,12,61,102~135,Fair
2022-11-11,8,3,66~87,27,101,102~135,Fair
2022-11-11,2,5,45~65,35,90,68~101,Fair
2022-11-11,10,2,66~87,27,58,102~135,Fair
2022-11-11,5,3,45~65,17,49.07818,68~101,Fair
2022-11-11,8,5,45~65,27,43,68~101,Fair
2022-11-11,2,3,45~65,35,54,68~101,Fair
2022-11-11,2,5,45~65,33,61,68~101,Fair
2022-11-11,5,5,45~65,33,74,68~101,Fair
2022-11-11,2,3,45~65,37,44,68~101,Good
2022-11-11,8,5,45~65,23,38,68~101,Good
2022-11-11,2,3,23~44,13,51,68~101,Good
2022-11-11,5,5,23~44,28,39,34~67,Good
2022-11-11,10,3,23~44,27,49.07818,34~67,Very Good
2022-11-11,5,3,23~44,38,31,34~67,Very Good
2022-11-11,2,3,23~44,35,44,34~67,Good
2022-11-11,5,3,1~22,37,24,34~67,Very Good
2022-11-11,2,5,1~22,55,40,0~33,Good
2022-11-11,5,6,1~22,51,19,34~67,Good
2022-11-11,18,1,1~22,32,23,0~33,Very Good
2022-11-11,28,5,23~44,45,18,34~67,Very Good
2022-11-11,12,7,1~22,54,21,0~33,Good
2022-11-11,10,10,23~44,51,49.07818,34~67,Good
2022-11-11,5,5,1~22,32,13,0~33,Very Good
2022-11-11,2,5,1~22,33,14,0~33,Very Good
2022-11-11,5,5,1~22,40,14,0~33,Very Good
2022-11-11,10,6,1~22,35,13,0~33,Very Good
2022-11-11,5,2,1~22,28,20,0~33,Very Good
2022-11-11,2,3,1~22,45,19,0~33,Very Good
2022-11-11,0,3,1~22,35,27,0~33,Very Good
2022-11-11,8,5,1~22,32,19,0~33,Very Good
2022-11-11,2,5,1~22,40,22,0~33,Very Good
2022-11-11,2,7,1~22,47,20,0~33,Very Good
2022-11-11,2,5,1~22,37,28,0~33,Very Good
2022-11-11,0,3,1~22,35,19,0~33,Very Good
2022-11-11,0,2,23~44,20,23,0~33,Very Good
2022-11-11,5,3,1~22,30,13,0~33,Very Good
2022-11-11,2,5,1~22,25,20,0~33,Very Good
2022-11-10,2,1,23~44,23,40,34~67,Good
2022-11-10,0,0,1~22,7,31,0~33,Very Good
2022-11-10,2,2,45~65,22,49.07818,34~67,Good
2022-11-10,0,1,1~22,8,17,0~33,Very Good
2022-11-10,2,1,23~44,8,45,34~67,Very Good
2022-11-10,10,3,23~44,50,44,34~67,Good
2022-11-10,8,2,23~44,18,40,34~67,Good
2022-11-10,5,5,23~44,22,112,34~67,Fair
2022-11-10,8,8,45~65,52,49.07818,68~101,Good
2022-11-10,2,8,1~22,28,49.07818,0~33,Very Good
2022-11-10,5,3,45~65,30,115,68~101,Fair
2022-11-10,2,11,23~44,51,49.07818,0~33,Good
2022-11-10,2,14,1~22,17,49.07818,0~33,Very Good
2022-11-10,2,3,1~22,30,20,0~33,Very Good
2022-11-10,8,2,1~22,17,23,0~33,Very Good
2022-11-10,5,1,1~22,2,24,0~33,Very Good
2022-11-10,2,2,1~22,15,22,0~33,Very Good
2022-11-10,0,1,1~22,10,21,0~33,Very Good
2022-11-10,0,1,1~22,0,24,0~33,Very Good
2022-11-10,5,2,23~44,22,112,68~101,Fair
2022-11-10,5,5,45~65,30,97,68~101,Fair
2022-11-10,12,5,45~65,81,47,68~101,Fair
2022-11-10,10,7,45~65,55,49.07818,68~101,Fair
2022-11-10,5,5,45~65,52,87,68~101,Fair
2022-11-10,5,5,45~65,42,74,68~101,Good
2022-11-10,8,5,45~65,40,87,68~101,Fair
2022-11-10,5,3,45~65,28,77,34~67,Good
2022-11-10,8,3,45~65,32,118,68~101,Poor
2022-11-10,8,9,45~65,55,49.07818,68~101,Fair
2022-11-10,5,5,45~65,50,54,68~101,Fair
2022-11-10,5,3,45~65,38,77,68~101,Fair
2022-11-10,2,3,23~44,18,74,68~101,Good
2022-11-10,5,8,45~65,47,67,68~101,Good
2022-11-10,2,3,45~65,45,64,68~101,Good
2022-11-10,8,2,23~44,27,80,68~101,Good
2022-11-10,2,3,45~65,23,80,68~101,Good
2022-11-10,8,3,45~65,28,67,68~101,Good
2022-11-10,10,2,23~44,23,49.07818,34~67,Good
2022-11-10,5,3,45~65,18,61,34~67,Good
2022-11-10,2,3,45~65,22,64,68~101,Good
2022-11-10,8,3,45~65,20,44,68~101,Good
2022-11-10,12,3,66~87,30,87,68~101,Fair
2022-11-10,5,5,45~65,30,108,68~101,Fair
2022-11-10,12,3,45~65,23,44,68~101,Good
2022-11-10,10,5,45~65,28,49.07818,34~67,Good
2022-11-10,20,6,45~65,40,43,68~101,Good
2022-11-10,5,5,45~65,50,50,68~101,Good
2022-11-10,8,6,23~44,43,61,34~67,Good
2022-11-10,8,6,45~65,40,67,34~67,Good
2022-11-10,8,5,45~65,51,44,34~67,Good
2022-11-10,5,3,23~44,47,34,68~101,Good
2022-11-10,5,3,45~65,25,93,68~101,Fair
2022-11-10,8,5,23~44,28,46,34~67,Good
2022-11-10,8,5,23~44,32,49.07818,34~67,Very Good
2022-11-10,5,3,23~44,38,36,34~67,Very Good
2022-11-10,5,2,1~22,22,46,34~67,Very Good
2022-11-10,8,5,23~44,48,31,34~67,Very Good
2022-11-10,0,2,1~22,33,25,0~33,Very Good
2022-11-10,2,5,1~22,32,17,0~33,Very Good
2022-11-10,20,3,1~22,33,22,0~33,Very Good
2022-11-10,5,3,1~22,37,20,0~33,Very Good
2022-11-10,15,5,1~22,35,21,0~33,Very Good
2022-11-10,5,10,1~22,40,49.07818,0~33,Very Good
2022-11-10,5,2,1~22,33,17,0~33,Very Good
